GLG_Player,GLG_Tm,GLG_Age,GLG_G,GLG_MP,GLG_PER,GLG_TS%,GLG_3PAr,GLG_FTr,GLG_ORB%,GLG_DRB%,GLG_TRB%,GLG_AST%,GLG_STL%,GLG_BLK%,GLG_TOV%,GLG_USG%,GLG_Ws-dum,GLG_OWS,GLG_DWS,GLG_WS,GLG_WS/48,GLG_Bpm-dum,GLG_OBPM,GLG_DBPM,GLG_BPM,GLG_VORP
Quincy Ac,TE,26,12,383,18.6,0.617,0.301,0.529,4.9,22.4,13.6,5.0,2.3,5.0,16.4,21.3,,0.5,0.5,1.0,0.121,,,,,
Cliff Alexande,LI,21,18,544,22.0,0.621,0.103,0.313,7.0,28.6,17.3,10.3,0.9,1.9,14.4,25.8,,0.9,0.7,1.6,0.140,,,,,
Cliff Alexande,ER,21,22,538,13.6,0.494,0.026,0.289,7.5,29.0,18.1,6.9,0.7,4.1,17.4,26.0,,-0.8,0.7,-0.1,-0.007,,,,,
Cliff Alexande,TOT,21,40,1082,17.8,0.561,0.066,0.302,7.3,28.8,17.7,8.6,0.8,3.0,15.8,25.9,,0.1,1.4,1.5,0.067,,,,,
Daniel Alexande,NA,25,15,193,8.4,0.485,0.482,0.071,3.2,20.5,11.4,9.7,2.0,1.3,14.8,14.7,,-0.1,0.3,0.2,0.057,,,,,
Chris Anderso,GR,24,39,668,15.3,0.602,0.075,0.422,13.1,16.9,15.0,5.3,1.9,4.7,16.3,13.3,,1.2,0.8,2.1,0.148,,,,,
Mike Anderso,SW,25,28,427,4.8,0.456,0.672,0.219,2.6,11.0,6.8,10.8,1.4,0.6,19.5,8.8,,-0.1,0.2,0.1,0.007,,,,,
Ryan Arcidiacon,AU,22,47,1293,10.6,0.596,0.415,0.258,2.2,12.6,7.7,18.9,1.6,0.3,23.0,11.3,,1.2,1.1,2.3,0.086,,,,,
J.J. Avil,TOT,25,41,857,15.4,0.530,0.302,0.143,7.3,19.0,13.1,12.8,2.2,1.9,10.6,17.9,,1.0,1.1,2.1,0.119,,,,,
J.J. Avil,TE,25,20,275,19.5,0.542,0.280,0.178,9.2,24.9,17.0,17.2,2.5,1.7,9.4,18.8,,0.6,0.3,0.9,0.159,,,,,
Player,Tm,Age,G,MP,PER,TS%,3PAr,FTr,ORB%,DRB%,TRB%,AST%,STL%,BLK%,TOV%,USG%,Ws-dum,OWS,DWS,WS,WS/48,Bpm-dum,OBPM,DBPM,BPM,VORP
J.J. Avil,WC,25,21,582,13.4,0.524,0.313,0.124,6.5,16.2,11.3,10.7,2.0,1.9,11.3,17.5,,0.4,0.8,1.2,0.100,,,,,
Cameron Ayer,TOT,25,33,644,5.5,0.442,0.815,0.070,2.6,6.9,4.8,6.2,1.1,0.3,9.5,12.2,,-0.3,0.4,0.1,0.010,,,,,
Cameron Ayer,RE,25,7,109,2.8,0.400,0.815,0.148,1.0,4.0,2.5,3.6,0.9,0.0,6.5,11.9,,-0.1,0.0,-0.1,-0.035,,,,,
Cameron Ayer,MA,25,26,535,6.0,0.451,0.815,0.054,3.0,7.4,5.3,6.8,1.2,0.4,10.1,12.2,,-0.2,0.4,0.2,0.019,,,,,
Jeff Ayre,LO,29,22,504,21.5,0.733,0.031,0.426,10.1,22.6,16.4,4.8,0.6,2.5,13.5,18.1,,1.8,0.4,2.3,0.215,,,,,
Ron Bake,WE,23,4,144,14.8,0.542,0.450,0.350,2.3,14.4,8.2,27.7,3.7,1.2,23.3,17.8,,0.0,0.2,0.2,0.077,,,,,
Gracin Bakumany,NA,19,40,416,10.8,0.496,0.000,0.176,12.8,21.2,16.8,4.5,1.4,2.0,16.0,13.2,,0.2,0.6,0.7,0.085,,,,,
Wade Baldwi,IO,20,33,931,14.5,0.520,0.210,0.371,2.5,13.5,8.0,30.3,2.3,1.1,20.2,23.4,,-0.1,0.9,0.8,0.043,,,,,
Cat Barbe,TOT,22,40,1371,11.9,0.502,0.197,0.298,1.3,8.8,5.1,21.6,1.6,0.2,15.9,24.1,,-0.6,0.6,0.1,0.002,,,,,
Cat Barbe,SW,22,19,717,12.6,0.495,0.213,0.262,1.2,6.9,4.1,24.6,1.5,0.0,13.8,25.1,,-0.2,0.2,0.0,0.000,,,,,
Player,Tm,Age,G,MP,PER,TS%,3PAr,FTr,ORB%,DRB%,TRB%,AST%,STL%,BLK%,TOV%,USG%,Ws-dum,OWS,DWS,WS,WS/48,Bpm-dum,OBPM,DBPM,BPM,VORP
Cat Barbe,DE,22,21,654,11.1,0.510,0.177,0.343,1.3,10.9,6.2,18.3,1.6,0.4,18.4,23.0,,-0.4,0.4,0.1,0.004,,,,,
Paris Bas,ER,,15,178,6.9,0.391,0.221,0.206,9.8,15.8,12.7,10.2,0.8,4.8,17.7,22.1,,-0.5,0.2,-0.3,-0.082,,,,,
Malik Beasle,SF,20,16,497,18.4,0.573,0.343,0.267,4.9,20.8,12.8,12.9,1.6,0.3,11.4,24.4,,0.7,0.6,1.3,0.129,,,,,
Beau Beec,LI,22,36,695,9.9,0.514,0.602,0.212,3.3,12.2,7.6,8.8,2.6,0.5,12.5,17.1,,0.1,0.7,0.9,0.059,,,,,
Chane Behana,SL,24,16,257,22.6,0.584,0.010,0.449,18.5,19.7,19.1,9.7,2.5,0.6,13.9,22.9,,0.6,0.4,1.0,0.181,,,,,
Chane Behana,RE,24,19,321,15.1,0.540,0.038,0.431,12.2,16.3,14.3,5.5,2.2,0.5,16.2,24.3,,0.0,0.3,0.4,0.054,,,,,
Chane Behana,TOT,24,35,578,18.4,0.559,0.026,0.439,15.0,17.8,16.4,7.4,2.3,0.6,15.3,23.7,,0.7,0.7,1.3,0.110,,,,,
DeAndre' Bembr,SL,22,6,189,20.0,0.586,0.216,0.270,4.9,16.9,10.7,19.9,2.3,2.6,15.3,22.3,,0.2,0.3,0.5,0.125,,,,,
Anthony Bennet,LI,23,2,70,19.2,0.605,0.464,0.143,8.6,15.8,12.0,15.5,2.7,2.2,16.8,20.6,,0.1,0.1,0.2,0.127,,,,,
Keith Benso,SF,28,50,1597,24.2,0.640,0.010,0.346,10.9,23.8,17.3,3.7,0.9,5.5,9.1,22.4,,5.0,2.5,7.5,0.224,,,,,
Player,Tm,Age,G,MP,PER,TS%,3PAr,FTr,ORB%,DRB%,TRB%,AST%,STL%,BLK%,TOV%,USG%,Ws-dum,OWS,DWS,WS,WS/48,Bpm-dum,OBPM,DBPM,BPM,VORP
Ben Benti,FO,21,20,434,13.5,0.492,0.410,0.354,6.1,17.6,11.8,4.2,1.7,0.9,9.9,26.6,,0.1,0.4,0.4,0.048,,,,,
Davis Bertan,AU,24,4,124,16.8,0.613,0.786,0.333,2.9,9.5,6.4,10.7,2.8,4.6,17.2,20.7,,0.2,0.2,0.3,0.134,,,,,
Gerald Beverl,CA,23,40,464,18.4,0.629,0.040,0.472,15.7,16.9,16.3,1.3,0.8,3.1,6.2,14.6,,1.4,0.5,2.0,0.203,,,,,
DeJuan Blai,LO,27,13,266,15.5,0.518,0.000,0.288,15.1,16.0,15.6,6.4,1.6,0.6,13.0,25.0,,0.2,0.2,0.3,0.063,,,,,
DeJuan Blai,TOT,27,19,364,15.6,0.509,0.005,0.259,14.5,17.9,16.2,6.0,1.4,1.1,12.0,26.3,,0.1,0.3,0.4,0.053,,,,,
DeJuan Blai,TE,27,6,98,15.8,0.490,0.017,0.200,12.9,22.9,17.9,5.0,1.0,2.4,9.7,30.0,,0.0,0.1,0.1,0.027,,,,,
Jaylen Blan,SL,23,39,736,6.7,0.461,0.861,0.083,0.8,11.1,5.8,6.3,1.7,0.2,8.1,15.2,,-0.4,0.6,0.3,0.017,,,,,
Vander Blu,LO,24,47,1638,20.5,0.569,0.293,0.545,2.8,12.5,7.7,13.1,2.2,0.2,8.8,28.1,,4.0,1.1,5.1,0.149,,,,,
Maurice Bolde,AU,27,26,227,13.6,0.484,0.266,0.253,9.0,18.9,14.2,9.3,1.7,2.5,11.1,19.2,,0.1,0.3,0.4,0.080,,,,,
Joel Bolombo,SL,23,24,826,22.3,0.631,0.187,0.579,14.0,27.5,20.6,8.6,1.0,3.0,14.4,19.3,,2.2,1.2,3.4,0.198,,,,,
Player,Tm,Age,G,MP,PER,TS%,3PAr,FTr,ORB%,DRB%,TRB%,AST%,STL%,BLK%,TOV%,USG%,Ws-dum,OWS,DWS,WS,WS/48,Bpm-dum,OBPM,DBPM,BPM,VORP
Jaylen Bon,WE,23,45,837,16.4,0.499,0.115,0.178,14.8,23.5,19.1,11.0,1.8,0.9,9.8,19.1,,1.0,0.9,1.9,0.109,,,,,
Askia Booke,NA,23,42,1333,14.0,0.494,0.377,0.270,2.9,11.3,6.9,26.4,1.8,0.2,13.7,23.9,,0.5,1.4,1.9,0.069,,,,,
Jamal Branc,RE,24,25,342,6.8,0.451,0.148,0.183,1.6,11.2,6.4,22.5,2.1,0.8,25.3,20.5,,-0.8,0.3,-0.5,-0.069,,,,,
Devin Brook,WC,24,3,36,0.8,0.180,0.308,0.154,0.0,17.9,8.8,28.7,1.4,4.5,17.8,20.0,,-0.2,0.1,-0.1,-0.191,,,,,
Devin Brook,TOT,24,15,278,8.9,0.410,0.234,0.266,3.3,10.3,6.6,24.5,2.4,0.9,16.0,18.2,,-0.3,0.3,0.0,0.002,,,,,
Devin Brook,LI,24,12,242,10.1,0.444,0.222,0.284,3.7,9.1,6.3,23.9,2.5,0.3,15.7,18.0,,-0.1,0.2,0.2,0.031,,,,,
Alec Brow,WC,24,50,1168,17.4,0.558,0.341,0.128,9.3,14.4,11.9,5.8,1.6,6.6,10.0,19.3,,1.6,1.8,3.3,0.137,,,,,
Anthony Brow,ER,24,24,906,15.6,0.597,0.345,0.353,1.8,14.2,7.9,13.7,1.3,0.4,15.7,23.4,,1.0,0.6,1.6,0.084,,,,,
Jabari Brow,SA,24,9,243,25.5,0.705,0.436,0.496,1.7,12.0,7.0,19.1,0.6,0.6,13.4,28.3,,1.1,0.2,1.3,0.248,,,,,
Lorenzo Brow,GR,26,11,393,24.2,0.562,0.251,0.315,5.5,17.5,11.3,19.2,2.3,1.1,7.6,27.1,,1.1,0.4,1.5,0.184,,,,,
Player,Tm,Age,G,MP,PER,TS%,3PAr,FTr,ORB%,DRB%,TRB%,AST%,STL%,BLK%,TOV%,USG%,Ws-dum,OWS,DWS,WS,WS/48,Bpm-dum,OBPM,DBPM,BPM,VORP
Nicolas Brussin,TE,23,5,179,22.8,0.808,0.581,0.442,4.7,17.9,11.3,17.7,2.1,2.6,14.9,13.7,,0.8,0.1,0.9,0.248,,,,,
Michael Bryso,NA,22,46,824,9.6,0.516,0.614,0.126,2.5,12.6,7.3,6.3,1.1,3.9,8.1,12.6,,0.5,1.0,1.5,0.085,,,,,
Alec Burk,SL,25,1,21,7.2,0.355,0.471,0.176,9.9,15.7,12.7,26.9,2.3,0.0,14.1,43.8,,-0.1,0.0,-0.1,-0.246,,,,,
Trahson Burrel,LI,24,49,1492,16.0,0.563,0.239,0.222,7.9,15.8,11.7,16.2,2.2,1.4,15.7,18.2,,1.8,1.6,3.4,0.108,,,,,
Derrick Byar,DE,32,13,226,4.9,0.377,0.541,0.098,2.9,12.2,7.6,7.6,0.4,1.0,8.6,12.9,,-0.2,0.1,-0.1,-0.024,,,,,
Will Bynu,WC,34,22,595,18.3,0.539,0.354,0.358,1.4,9.2,5.3,36.1,3.0,0.4,15.4,24.1,,1.0,0.7,1.7,0.138,,,,,
Bruno Cabocl,RA,21,34,920,12.5,0.502,0.486,0.090,4.8,17.1,11.2,7.0,1.9,4.0,11.6,18.1,,0.1,1.7,1.8,0.095,,,,,
Jason Callist,MA,27,19,319,10.1,0.667,0.754,0.295,2.1,11.8,7.2,10.6,0.9,0.0,19.8,11.9,,0.4,0.3,0.7,0.098,,,,,
Kevin Caper,WE,23,48,1100,10.8,0.495,0.263,0.463,1.5,8.8,5.0,14.6,3.1,0.7,15.2,19.9,,-0.3,1.1,0.8,0.033,,,,,
Alex Carus,OK,22,50,1513,15.4,0.574,0.342,0.376,3.1,10.8,7.0,25.6,3.5,1.7,23.2,19.2,,0.9,2.9,3.8,0.122,,,,,
Player,Tm,Age,G,MP,PER,TS%,3PAr,FTr,ORB%,DRB%,TRB%,AST%,STL%,BLK%,TOV%,USG%,Ws-dum,OWS,DWS,WS,WS/48,Bpm-dum,OBPM,DBPM,BPM,VORP
Quinton Chievou,IO,24,48,1165,12.3,0.573,0.194,0.394,5.8,15.7,10.8,11.1,1.0,1.3,15.9,15.7,,0.9,0.9,1.8,0.073,,,,,
Dionte Christma,DE,30,31,980,13.0,0.567,0.469,0.297,2.0,9.7,5.9,14.7,1.3,0.6,16.6,20.9,,0.8,0.6,1.3,0.065,,,,,
Rakeem Christma,FO,25,9,207,12.1,0.515,0.000,0.485,10.7,17.7,14.1,3.5,0.5,4.6,15.4,20.0,,0.0,0.2,0.2,0.048,,,,,
Semaj Christo,OK,24,4,133,13.0,0.472,0.063,0.438,1.7,10.5,6.2,25.2,2.6,0.7,16.4,29.6,,-0.2,0.2,0.1,0.020,,,,,
Dennis Cliffor,SA,24,38,990,16.5,0.621,0.000,0.595,8.3,22.6,15.7,11.8,1.1,3.0,21.7,19.7,,0.9,1.6,2.5,0.123,,,,,
Kyle Collinswort,TE,25,36,983,14.7,0.473,0.182,0.227,10.4,17.0,13.6,17.5,3.0,2.6,15.7,12.1,,1.1,1.0,2.1,0.103,,,,,
Derek Cooke Jr,NA,25,50,1069,16.8,0.551,0.010,0.323,16.1,22.1,18.9,5.6,1.9,2.2,14.2,15.5,,1.4,1.7,3.1,0.139,,,,,
Elgin Coo,SA,24,20,465,23.1,0.636,0.116,0.522,8.9,13.6,11.3,7.0,2.0,1.5,10.9,25.7,,1.4,0.6,2.1,0.212,,,,,
Quinn Coo,CA,23,39,1502,20.8,0.600,0.353,0.322,1.5,10.3,5.8,28.4,1.4,0.2,14.4,27.6,,4.1,1.2,5.2,0.167,,,,,
Trevor Coone,LI,24,22,293,5.9,0.482,0.584,0.117,1.0,7.2,4.0,7.3,0.8,1.3,12.0,12.6,,-0.1,0.1,0.1,0.009,,,,,
Player,Tm,Age,G,MP,PER,TS%,3PAr,FTr,ORB%,DRB%,TRB%,AST%,STL%,BLK%,TOV%,USG%,Ws-dum,OWS,DWS,WS,WS/48,Bpm-dum,OBPM,DBPM,BPM,VORP
Rodney Coope,MA,23,3,13,4.4,0.000,1.000,0.000,8.7,23.5,16.5,10.0,3.8,0.0,50.0,6.8,,0.0,0.0,0.0,-0.017,,,,,
Matt Costell,IO,23,23,582,19.1,0.576,0.229,0.319,14.3,27.7,21.0,11.6,1.1,5.3,16.7,16.6,,1.0,0.9,1.9,0.153,,,,,
Isaiah Cousin,RE,22,50,1744,15.5,0.524,0.193,0.249,3.2,14.8,9.0,18.3,2.5,0.5,12.5,22.4,,1.0,1.7,2.7,0.075,,,,,
Jaleel Cousin,RE,23,16,225,14.9,0.558,0.000,0.913,9.7,21.4,15.5,1.3,1.3,5.4,14.2,21.2,,0.2,0.3,0.5,0.104,,,,,
Jaleel Cousin,TOT,23,31,383,10.9,0.539,0.000,0.860,9.2,16.7,13.0,1.1,1.2,4.4,16.9,19.3,,0.0,0.4,0.4,0.050,,,,,
Jaleel Cousin,TE,23,15,158,5.3,0.502,0.000,0.763,8.6,10.2,9.4,0.8,1.2,3.0,21.6,16.7,,-0.2,0.1,-0.1,-0.027,,,,,
Chris Crawfor,IO,24,3,50,10.8,0.461,0.478,0.087,2.1,4.2,3.1,36.4,1.9,3.3,22.7,26.2,,-0.1,0.0,-0.1,-0.056,,,,,
Jordan Crawfor,GR,28,37,1103,24.3,0.588,0.409,0.241,1.4,10.5,5.8,21.7,1.9,0.5,8.8,31.3,,3.3,0.7,4.0,0.174,,,,,
Jordon Crawfor,TOT,26,46,987,12.2,0.508,0.260,0.287,1.3,8.6,4.9,18.9,2.4,0.1,14.6,21.2,,0.1,0.8,0.9,0.042,,,,,
Jordon Crawfor,CA,26,15,259,7.0,0.431,0.363,0.220,1.7,8.2,4.9,19.1,3.0,0.0,21.3,20.6,,-0.5,0.3,-0.2,-0.034,,,,,
Player,Tm,Age,G,MP,PER,TS%,3PAr,FTr,ORB%,DRB%,TRB%,AST%,STL%,BLK%,TOV%,USG%,Ws-dum,OWS,DWS,WS,WS/48,Bpm-dum,OBPM,DBPM,BPM,VORP
Jordon Crawfor,WE,26,31,728,14.1,0.532,0.227,0.309,1.2,8.7,4.8,18.8,2.1,0.1,12.3,21.4,,0.6,0.5,1.0,0.069,,,,,
Stephen Croon,SF,,3,22,4.5,0.385,0.667,1.167,4.8,9.6,7.2,5.6,2.1,0.0,9.9,18.7,,0.0,0.0,0.0,-0.030,,,,,
Markeith Cumming,SF,28,7,62,6.1,0.571,0.357,0.143,3.4,8.5,5.9,0.0,1.5,1.3,16.8,11.7,,0.0,0.1,0.0,0.038,,,,,
Boris Dall,LI,22,46,1082,9.2,0.489,0.277,0.229,3.3,16.5,9.6,23.2,1.5,0.1,26.0,18.6,,-1.3,0.9,-0.5,-0.020,,,,,
Alex Davi,NA,25,23,560,12.5,0.524,0.096,0.471,8.9,12.9,10.8,5.9,1.6,6.5,16.7,14.8,,0.2,0.9,1.1,0.092,,,,,
Alex Davi,ER,25,28,696,11.0,0.535,0.142,0.466,7.4,14.2,10.7,5.1,1.1,4.2,16.2,15.9,,0.1,0.6,0.8,0.053,,,,,
Alex Davi,TOT,25,51,1256,11.7,0.530,0.122,0.468,8.1,13.6,10.8,5.5,1.3,5.2,16.4,15.4,,0.3,1.5,1.8,0.071,,,,,
Deyonta Davi,IO,,11,306,18.7,0.558,0.000,0.090,11.2,21.2,16.2,2.7,1.6,6.9,8.0,15.7,,0.4,0.5,0.9,0.141,,,,,
Mike Davi,WE,28,24,312,14.4,0.592,0.013,0.195,8.7,16.6,12.6,7.1,1.2,2.2,9.7,12.7,,0.6,0.3,0.8,0.126,,,,,
Trey Davi,CA,23,1,19,-5.4,0.000,0.333,0.000,0.0,5.9,2.9,12.5,0.0,0.0,25.0,8.9,,-0.1,0.0,-0.1,-0.171,,,,,
Player,Tm,Age,G,MP,PER,TS%,3PAr,FTr,ORB%,DRB%,TRB%,AST%,STL%,BLK%,TOV%,USG%,Ws-dum,OWS,DWS,WS,WS/48,Bpm-dum,OBPM,DBPM,BPM,VORP
Will Davi,RE,24,42,763,21.6,0.636,0.000,0.264,12.0,14.0,13.0,3.5,0.7,5.5,9.1,19.6,,2.1,0.7,2.8,0.174,,,,,
Andre Dawkin,TOT,25,42,956,13.9,0.589,0.687,0.129,2.1,9.2,5.6,5.6,1.3,0.4,8.0,20.0,,1.5,0.3,1.8,0.089,,,,,
Andre Dawkin,TE,25,28,653,15.5,0.620,0.694,0.122,2.4,10.5,6.4,4.7,1.4,0.6,8.7,20.0,,1.3,0.2,1.4,0.106,,,,,
Andre Dawkin,WC,25,14,303,10.4,0.523,0.672,0.144,1.4,6.4,3.9,7.4,1.0,0.0,6.3,19.9,,0.2,0.2,0.3,0.054,,,,,
Branden Dawso,ER,23,33,877,18.2,0.503,0.010,0.234,11.7,18.0,14.8,10.6,3.1,2.0,12.8,24.2,,0.0,1.3,1.3,0.071,,,,,
Eric Dawso,SL,32,2,51,10.6,0.444,0.000,0.500,10.2,32.3,20.9,8.5,2.9,3.2,29.1,17.5,,-0.1,0.1,0.0,0.003,,,,,
Coreontae DeBerr,WC,22,12,113,9.3,0.496,0.000,0.429,8.3,17.1,12.7,6.2,1.7,2.9,19.4,15.6,,-0.1,0.2,0.1,0.042,,,,,
Deng Den,TE,25,3,28,7.7,0.366,0.125,0.250,15.0,30.6,22.7,9.8,0.0,2.8,14.5,30.1,,-0.1,0.0,-0.1,-0.117,,,,,
Troy Devrie,LO,34,48,1139,11.6,0.582,0.613,0.136,1.2,7.7,4.5,10.2,1.5,0.3,11.4,17.1,,1.2,0.4,1.6,0.068,,,,,
Cheick Diall,LI,20,2,35,20.6,0.640,0.000,0.235,2.9,25.2,13.5,5.4,1.3,4.3,9.6,23.9,,0.1,0.1,0.1,0.148,,,,,
Player,Tm,Age,G,MP,PER,TS%,3PAr,FTr,ORB%,DRB%,TRB%,AST%,STL%,BLK%,TOV%,USG%,Ws-dum,OWS,DWS,WS,WS/48,Bpm-dum,OBPM,DBPM,BPM,VORP
Cheick Diall,TOT,20,26,724,18.6,0.533,0.012,0.219,7.2,26.2,16.8,4.4,0.9,7.1,10.5,24.3,,0.3,1.1,1.3,0.087,,,,,
Cheick Diall,AU,20,9,210,19.3,0.538,0.011,0.207,8.6,19.9,14.5,3.3,1.2,7.4,9.1,23.2,,0.2,0.3,0.5,0.116,,,,,
Cheick Diall,SW,20,15,479,18.2,0.522,0.013,0.223,6.9,29.0,18.0,4.9,0.8,7.1,11.2,24.8,,0.0,0.7,0.7,0.070,,,,,
Spencer Dinwiddi,WC,23,9,337,20.7,0.600,0.244,0.513,0.9,9.6,5.2,32.8,2.9,1.2,14.6,21.6,,0.9,0.4,1.3,0.190,,,,,
Quincy Doub,WE,32,2,34,4.5,0.324,0.385,0.154,0.0,3.4,1.6,12.0,4.3,0.0,6.7,18.7,,-0.1,0.0,0.0,-0.069,,,,,
Larry Dre,SF,26,10,237,13.1,0.595,0.538,0.108,1.8,10.2,6.0,34.4,1.4,0.3,24.4,15.5,,0.3,0.2,0.5,0.103,,,,,
Terrence Drisdo,SA,24,43,770,12.6,0.533,0.239,0.255,4.9,15.1,10.2,10.8,1.9,2.4,11.7,12.6,,0.7,1.1,1.8,0.113,,,,,
Duje Duka,WC,25,25,530,12.5,0.575,0.517,0.372,4.9,12.2,8.5,5.5,0.8,0.3,9.9,18.7,,0.7,0.4,1.1,0.098,,,,,
Kellen Dunha,IO,23,35,598,8.2,0.555,0.576,0.146,1.9,10.3,6.1,5.1,1.4,0.8,16.4,13.0,,0.0,0.4,0.4,0.030,,,,,
Michael Duniga,CA,27,39,653,14.8,0.502,0.008,0.523,9.6,16.4,13.0,4.0,2.5,5.5,12.6,21.5,,0.2,1.1,1.3,0.098,,,,,
Player,Tm,Age,G,MP,PER,TS%,3PAr,FTr,ORB%,DRB%,TRB%,AST%,STL%,BLK%,TOV%,USG%,Ws-dum,OWS,DWS,WS,WS/48,Bpm-dum,OBPM,DBPM,BPM,VORP
Cleanthony Earl,SA,25,14,248,18.2,0.579,0.286,0.343,6.3,17.6,12.1,6.5,1.5,4.3,11.0,22.9,,0.3,0.4,0.7,0.135,,,,,
Jarell Eddi,TOT,25,45,1273,14.6,0.607,0.569,0.180,2.3,12.7,7.6,8.5,1.0,1.1,13.0,20.4,,1.5,1.0,2.6,0.097,,,,,
Jarell Eddi,AU,25,25,672,10.4,0.556,0.598,0.210,2.3,12.0,7.4,6.5,1.2,0.8,16.9,19.7,,-0.1,0.5,0.4,0.031,,,,,
Jarell Eddi,WC,25,20,601,19.2,0.655,0.543,0.154,2.3,13.6,7.9,10.8,0.8,1.5,9.1,21.1,,1.6,0.5,2.1,0.171,,,,,
Arthur Edward,MA,24,47,967,11.4,0.553,0.628,0.253,3.2,15.8,9.8,9.2,2.0,2.6,19.6,18.1,,-0.3,1.4,1.1,0.056,,,,,
Shane Edward,DE,29,8,204,13.8,0.519,0.197,0.408,4.3,25.1,14.8,2.2,0.2,3.4,10.0,20.5,,0.0,0.2,0.3,0.063,,,,,
Henry Ellenso,GR,20,21,740,15.3,0.535,0.380,0.338,4.6,22.3,13.2,5.8,0.8,2.1,10.2,22.5,,0.6,0.7,1.3,0.082,,,,,
Perry Elli,SW,23,50,1122,15.1,0.548,0.276,0.296,7.9,15.3,11.6,6.5,1.3,0.6,7.8,18.5,,1.7,0.6,2.3,0.098,,,,,
Christopher Evan,CA,26,33,1137,16.3,0.554,0.346,0.379,6.1,10.6,8.3,10.3,2.7,1.5,12.9,22.4,,1.3,1.4,2.7,0.116,,,,,
Kay Felde,CA,21,11,396,22.9,0.562,0.216,0.337,2.2,8.2,5.2,30.7,2.1,0.8,13.6,36.0,,0.7,0.4,1.1,0.136,,,,,
Player,Tm,Age,G,MP,PER,TS%,3PAr,FTr,ORB%,DRB%,TRB%,AST%,STL%,BLK%,TOV%,USG%,Ws-dum,OWS,DWS,WS,WS/48,Bpm-dum,OBPM,DBPM,BPM,VORP
Cristiano Felici,WC,24,1,38,14.7,0.549,0.000,0.313,13.8,19.8,16.8,4.3,1.3,4.3,24.8,27.1,,-0.1,0.1,0.0,0.001,,,,,
Carrick Feli,LI,26,34,780,10.9,0.500,0.302,0.340,5.7,12.4,8.9,8.7,2.4,1.6,14.7,18.6,,-0.2,0.8,0.6,0.036,,,,,
Courtney Fell,TOT,30,40,1203,13.2,0.533,0.489,0.127,2.1,12.7,7.2,13.1,3.0,1.9,14.9,17.5,,0.3,1.3,1.6,0.062,,,,,
Courtney Fell,TE,30,10,279,9.9,0.465,0.500,0.024,2.3,8.8,5.5,7.7,3.8,1.7,11.7,13.7,,-0.1,0.2,0.2,0.026,,,,,
Courtney Fell,WE,30,30,924,14.2,0.549,0.486,0.154,2.0,13.8,7.8,14.7,2.8,2.0,15.6,18.6,,0.4,1.0,1.4,0.073,,,,,
Vashil Fernande,SW,25,5,33,0.4,0.410,0.000,0.500,13.4,13.3,13.3,0.0,0.0,0.0,38.1,10.2,,-0.1,0.0,0.0,-0.070,,,,,
Vashil Fernande,SF,25,27,213,7.0,0.512,0.000,0.107,11.3,15.4,13.3,1.8,1.1,7.4,32.3,8.3,,-0.1,0.3,0.2,0.055,,,,,
Vashil Fernande,TOT,25,32,246,6.1,0.497,0.000,0.156,11.6,15.1,13.3,1.5,0.9,6.4,33.2,8.5,,-0.1,0.3,0.2,0.039,,,,,
Yogi Ferrel,LI,23,18,642,16.5,0.570,0.468,0.274,1.7,7.2,4.3,24.1,2.0,0.2,11.4,20.9,,1.4,0.4,1.8,0.133,,,,,
Bryson Fonvill,TE,22,49,797,8.7,0.497,0.354,0.066,2.1,5.2,3.7,19.4,1.9,0.5,19.2,14.9,,0.0,0.1,0.1,0.009,,,,,
Player,Tm,Age,G,MP,PER,TS%,3PAr,FTr,ORB%,DRB%,TRB%,AST%,STL%,BLK%,TOV%,USG%,Ws-dum,OWS,DWS,WS,WS/48,Bpm-dum,OBPM,DBPM,BPM,VORP
Bryn Forbe,AU,23,19,674,20.6,0.632,0.387,0.267,1.2,9.4,5.5,13.2,1.8,0.2,11.8,26.1,,1.7,0.5,2.2,0.159,,,,,
Gary Forbe,LI,31,20,394,6.4,0.464,0.521,0.179,4.1,10.1,6.9,8.8,0.9,0.2,13.2,17.8,,-0.2,0.2,0.0,-0.004,,,,,
Quincy For,SL,24,26,505,9.9,0.460,0.533,0.200,4.3,20.9,12.4,10.9,2.3,1.6,15.5,13.2,,-0.2,0.7,0.6,0.054,,,,,
David Foste,LO,28,30,335,12.9,0.512,0.013,0.091,9.8,19.5,14.7,2.0,0.7,12.3,14.0,11.4,,0.1,0.5,0.6,0.092,,,,,
Chris Fowle,FO,,5,48,15.3,0.632,0.154,0.769,0.0,4.8,2.3,21.1,2.0,3.3,18.7,18.9,,0.1,0.0,0.1,0.127,,,,,
Trey Freema,GR,24,39,886,8.2,0.448,0.352,0.102,1.2,12.8,6.8,13.5,1.5,0.4,10.2,13.2,,-0.1,0.6,0.5,0.025,,,,,
Sundiata Gaine,SL,30,46,1269,18.2,0.533,0.424,0.273,3.8,15.6,9.5,24.2,2.9,0.7,13.3,24.6,,1.0,1.7,2.7,0.104,,,,,
Ramon Gallowa,ER,25,21,555,9.7,0.475,0.347,0.254,2.2,9.7,5.9,18.8,2.0,0.3,18.0,20.6,,-0.6,0.4,-0.2,-0.014,,,,,
Charles Garci,AU,28,49,1075,18.5,0.602,0.005,0.638,7.2,19.0,13.5,8.9,0.7,2.1,16.7,27.5,,1.4,1.1,2.5,0.110,,,,,
Patricio Garin,AU,23,49,1429,12.0,0.569,0.313,0.259,1.6,11.2,6.7,10.6,2.5,1.9,19.3,18.4,,0.0,1.7,1.7,0.056,,,,,
Player,Tm,Age,G,MP,PER,TS%,3PAr,FTr,ORB%,DRB%,TRB%,AST%,STL%,BLK%,TOV%,USG%,Ws-dum,OWS,DWS,WS,WS/48,Bpm-dum,OBPM,DBPM,BPM,VORP
Evrik Gar,SL,25,4,73,5.5,0.448,0.444,0.074,0.0,19.6,9.5,17.0,0.0,0.0,17.7,20.0,,-0.1,0.0,-0.1,-0.052,,,,,
Evrik Gar,IO,25,3,35,15.4,0.682,0.364,0.000,3.0,6.0,4.5,9.8,1.4,0.0,8.3,14.5,,0.1,0.0,0.1,0.134,,,,,
Evrik Gar,TOT,25,7,108,8.7,0.514,0.421,0.053,1.0,15.2,7.9,14.6,0.4,0.0,15.3,18.3,,0.0,0.1,0.0,0.009,,,,,
Matt Gaten,IO,27,2,31,7.0,0.429,0.857,0.000,6.7,10.1,8.4,0.0,4.7,0.0,22.2,12.3,,-0.1,0.0,0.0,-0.010,,,,,
Michael Gbinij,GR,24,16,560,12.2,0.539,0.567,0.195,2.4,10.7,6.4,7.1,2.6,0.6,9.6,15.0,,0.4,0.5,0.9,0.076,,,,,
Marcus Georges-Hun,MA,22,45,1639,16.3,0.595,0.363,0.344,3.3,14.5,9.2,19.7,1.4,0.7,13.1,18.5,,3.4,1.8,5.2,0.153,,,,,
Archie Goodwi,SW,22,34,1112,15.4,0.536,0.227,0.569,5.2,12.4,8.8,11.4,1.8,0.7,13.0,23.9,,0.7,0.6,1.4,0.059,,,,,
Ben Gordo,TE,33,25,737,15.8,0.625,0.564,0.189,0.7,9.0,4.8,15.8,1.5,0.6,12.2,19.1,,1.7,0.1,1.8,0.118,,,,,
Paul Graha,GR,31,1,6,9.6,0.174,0.500,1.000,0.0,17.9,8.7,60.5,0.0,0.0,0.0,20.4,,0.0,0.0,0.0,-0.077,,,,,
Jerian Gran,WC,24,2,83,22.0,0.551,0.262,0.381,2.5,7.8,5.1,32.1,2.9,1.0,12.5,28.8,,0.2,0.1,0.3,0.152,,,,,
Player,Tm,Age,G,MP,PER,TS%,3PAr,FTr,ORB%,DRB%,TRB%,AST%,STL%,BLK%,TOV%,USG%,Ws-dum,OWS,DWS,WS,WS/48,Bpm-dum,OBPM,DBPM,BPM,VORP
Josh Gra,NA,23,50,1254,17.3,0.503,0.181,0.239,4.6,11.0,7.6,30.4,2.8,0.3,14.1,25.9,,0.8,1.6,2.4,0.090,,,,,
Brannen Green,TOT,22,24,243,9.4,0.595,0.514,0.222,1.3,19.1,10.2,5.4,0.6,0.3,19.4,17.1,,0.0,0.2,0.2,0.032,,,,,
Brannen Green,SL,22,9,92,1.2,0.357,0.571,0.000,2.3,19.1,10.4,4.9,0.5,0.9,17.6,16.0,,-0.3,0.1,-0.2,-0.101,,,,,
Brannen Green,DE,22,15,151,14.5,0.725,0.477,0.364,0.7,19.0,10.0,5.8,0.6,0.0,20.3,17.8,,0.3,0.1,0.4,0.112,,,,,
Cam Griffi,RE,23,15,146,10.4,0.542,0.029,0.500,9.7,11.2,10.4,1.9,1.6,0.6,14.4,14.0,,0.1,0.1,0.2,0.056,,,,,
Josh Hagin,MA,,20,324,13.1,0.560,0.512,0.143,2.4,14.5,8.8,24.0,1.7,0.9,18.3,14.9,,0.4,0.4,0.8,0.112,,,,,
PJ Hairsto,RI,24,10,232,9.7,0.465,0.652,0.304,0.9,9.7,5.4,9.3,2.8,0.7,11.8,25.1,,-0.1,0.2,0.0,0.009,,,,,
Ferrakohn Hal,WC,26,36,697,7.4,0.476,0.259,0.155,4.7,12.3,8.4,6.0,1.0,1.4,12.7,17.3,,-0.4,0.6,0.2,0.013,,,,,
Ferrakohn Hal,TOT,26,46,851,6.8,0.467,0.275,0.170,4.5,12.8,8.7,6.4,1.0,1.3,13.9,17.2,,-0.7,0.8,0.1,0.004,,,,,
Ferrakohn Hal,SA,26,10,154,4.0,0.420,0.364,0.250,4.0,15.1,9.8,7.9,0.9,1.0,19.7,16.5,,-0.3,0.2,-0.1,-0.037,,,,,
Player,Tm,Age,G,MP,PER,TS%,3PAr,FTr,ORB%,DRB%,TRB%,AST%,STL%,BLK%,TOV%,USG%,Ws-dum,OWS,DWS,WS,WS/48,Bpm-dum,OBPM,DBPM,BPM,VORP
Alex Hamilto,SA,23,43,1004,16.4,0.538,0.146,0.586,3.3,11.0,7.3,28.8,2.3,0.5,17.6,23.0,,0.9,1.2,2.2,0.103,,,,,
Daniel Hamilto,OK,21,49,1528,16.6,0.539,0.418,0.237,4.2,23.6,14.1,23.3,2.0,0.9,17.3,23.2,,0.8,2.9,3.7,0.117,,,,,
A.J. Hammon,TE,24,15,385,15.9,0.549,0.128,0.128,7.9,23.1,15.4,6.3,0.6,6.2,11.3,19.6,,0.4,0.4,0.7,0.092,,,,,
Tyler Hansbroug,FO,,13,434,21.9,0.632,0.065,0.710,14.3,27.1,20.6,3.1,1.1,1.1,11.3,19.9,,1.4,0.4,1.9,0.205,,,,,
Justin Harpe,LO,27,45,1304,17.6,0.609,0.469,0.269,5.4,18.8,12.2,7.1,0.5,1.7,8.5,20.8,,3.1,0.8,3.8,0.141,,,,,
Aaron Harriso,TOT,22,39,1260,16.9,0.579,0.366,0.431,2.1,13.4,7.8,12.7,2.0,0.8,11.6,22.4,,2.1,1.0,3.1,0.118,,,,,
Aaron Harriso,SW,22,20,663,15.8,0.548,0.373,0.551,2.5,13.9,8.2,14.1,1.9,0.9,12.6,24.2,,0.7,0.4,1.1,0.083,,,,,
Aaron Harriso,DE,22,19,597,18.1,0.619,0.359,0.294,1.6,12.8,7.3,11.2,2.1,0.8,10.3,20.5,,1.4,0.5,2.0,0.158,,,,,
Manny Harri,TE,27,42,1622,19.3,0.550,0.254,0.360,5.1,15.4,10.2,15.0,2.3,0.5,13.2,28.3,,2.1,1.0,3.1,0.091,,,,,
Ramon Harri,IO,28,12,219,6.8,0.455,0.684,0.224,3.3,17.2,10.2,8.3,1.5,1.1,16.1,19.3,,-0.4,0.2,-0.1,-0.031,,,,,
Player,Tm,Age,G,MP,PER,TS%,3PAr,FTr,ORB%,DRB%,TRB%,AST%,STL%,BLK%,TOV%,USG%,Ws-dum,OWS,DWS,WS,WS/48,Bpm-dum,OBPM,DBPM,BPM,VORP
Ramon Harri,GR,28,37,901,9.7,0.532,0.727,0.204,0.9,18.4,9.5,4.9,1.4,1.8,9.2,13.9,,0.3,0.8,1.1,0.061,,,,,
Ramon Harri,TOT,28,49,1120,9.1,0.514,0.717,0.209,1.4,18.2,9.6,5.6,1.5,1.7,10.9,14.9,,-0.1,1.1,1.0,0.043,,,,,
Shaquille Harriso,NA,23,48,1327,12.5,0.518,0.283,0.318,3.5,12.9,8.0,9.3,2.3,2.3,10.9,16.2,,0.6,1.8,2.5,0.089,,,,,
Lazar Haywar,LI,30,20,487,17.3,0.535,0.250,0.350,8.5,17.2,12.6,6.3,2.7,2.2,10.1,21.2,,0.5,0.6,1.2,0.114,,,,,
Reggie Hear,RE,25,42,1321,12.3,0.618,0.700,0.129,1.6,16.6,9.1,5.1,1.0,0.5,9.5,16.2,,1.8,0.9,2.6,0.096,,,,,
Myke Henr,OK,24,38,461,8.4,0.488,0.430,0.306,3.6,12.1,7.9,6.8,2.8,1.5,16.4,15.4,,-0.3,0.8,0.6,0.059,,,,,
Xavier Henr,OK,25,10,168,17.1,0.575,0.475,0.836,4.0,15.9,10.1,6.3,2.3,2.1,10.7,24.0,,0.3,0.3,0.6,0.169,,,,,
LaDontae Hento,SA,25,37,1069,13.1,0.523,0.522,0.151,3.9,14.2,9.2,8.7,1.3,1.4,9.1,20.7,,0.5,1.3,1.7,0.078,,,,,
Juan Hernangome,SF,21,1,26,14.0,0.498,0.357,0.500,12.1,32.5,22.3,6.2,0.0,6.1,19.0,33.0,,-0.1,0.0,0.0,-0.025,,,,,
Brady Hesli,RA,26,48,1380,17.1,0.621,0.741,0.129,0.6,6.6,3.7,16.2,1.2,0.1,9.2,21.7,,3.9,1.3,5.2,0.180,,,,,
Player,Tm,Age,G,MP,PER,TS%,3PAr,FTr,ORB%,DRB%,TRB%,AST%,STL%,BLK%,TOV%,USG%,Ws-dum,OWS,DWS,WS,WS/48,Bpm-dum,OBPM,DBPM,BPM,VORP
Stephan Hick,FO,24,49,1496,15.1,0.583,0.380,0.344,6.5,15.0,10.7,5.8,1.5,0.6,10.2,18.1,,2.8,1.0,3.8,0.123,,,,,
Darrun Hilliar,GR,23,4,137,21.2,0.577,0.432,0.230,3.7,14.1,8.8,12.6,1.1,0.0,5.8,26.9,,0.4,0.1,0.4,0.157,,,,,
John Hollan,CA,28,37,1437,18.4,0.610,0.427,0.319,3.4,10.2,6.8,12.3,1.9,0.4,11.6,23.0,,3.5,1.3,4.8,0.161,,,,,
Jonathan Holme,CA,24,30,852,14.4,0.559,0.459,0.190,6.9,18.5,12.6,4.8,1.8,1.9,12.3,19.3,,0.9,1.1,2.0,0.110,,,,,
Richaun Holme,DE,23,6,147,19.6,0.636,0.122,0.388,11.9,17.4,14.7,6.3,0.7,4.8,13.6,19.0,,0.4,0.2,0.5,0.171,,,,,
Max Hoope,WE,21,2,18,0.5,0.250,1.000,0.000,0.0,0.0,0.0,7.3,5.4,0.0,14.3,16.6,,-0.1,0.0,-0.1,-0.148,,,,,
Jon Horfor,CA,25,6,68,12.1,0.759,0.111,0.222,14.6,18.1,16.3,7.8,0.7,1.2,28.8,8.6,,0.1,0.1,0.2,0.140,,,,,
Keith Hornsb,TE,25,37,452,14.1,0.554,0.234,0.241,4.4,13.3,8.8,11.0,1.6,0.7,7.9,14.8,,0.8,0.2,0.9,0.099,,,,,
Chris Horto,GR,22,49,913,16.1,0.617,0.005,0.480,15.1,16.0,15.5,2.4,2.0,4.3,19.8,14.4,,1.4,1.1,2.5,0.132,,,,,
Danuel Hous,DE,23,7,187,18.7,0.575,0.464,0.391,4.7,18.2,11.5,11.0,2.1,2.5,9.0,20.0,,0.4,0.2,0.6,0.158,,,,,
Player,Tm,Age,G,MP,PER,TS%,3PAr,FTr,ORB%,DRB%,TRB%,AST%,STL%,BLK%,TOV%,USG%,Ws-dum,OWS,DWS,WS,WS/48,Bpm-dum,OBPM,DBPM,BPM,VORP
Pe'Shon Howar,RE,26,40,736,13.7,0.557,0.471,0.286,1.3,10.7,6.0,10.4,2.3,0.5,11.4,20.1,,0.6,0.6,1.2,0.076,,,,,
Josh Huesti,OK,25,32,1026,15.5,0.541,0.447,0.138,4.8,16.1,10.5,6.3,1.0,4.8,7.3,19.6,,1.0,1.7,2.7,0.126,,,,,
R.J. Hunte,LI,23,24,722,15.0,0.554,0.575,0.342,1.5,6.0,3.6,15.2,1.6,1.6,10.8,24.4,,1.0,0.5,1.4,0.096,,,,,
R.J. Hunte,WC,23,5,173,13.9,0.458,0.566,0.506,2.4,12.4,7.4,19.6,2.8,0.5,9.8,27.7,,0.0,0.2,0.2,0.054,,,,,
R.J. Hunte,TOT,23,29,895,14.8,0.534,0.573,0.374,1.7,7.2,4.4,16.0,1.8,1.4,10.6,25.0,,1.0,0.7,1.6,0.088,,,,,
Prince Ibe,LI,22,10,101,0.3,0.259,0.000,0.263,11.0,9.8,10.4,1.2,0.5,6.7,27.4,11.6,,-0.3,0.1,-0.2,-0.094,,,,,
Damien Ingli,WE,21,39,1158,13.8,0.521,0.151,0.358,3.5,22.9,12.9,17.6,1.6,1.6,16.8,21.3,,0.0,1.3,1.3,0.054,,,,,
Andre Ingra,LO,31,10,293,16.0,0.740,0.700,0.271,2.2,10.6,6.4,6.8,1.8,1.1,4.9,11.5,,0.9,0.2,1.1,0.175,,,,,
Kadeem Jac,TOT,24,32,441,16.4,0.532,0.116,0.490,7.6,16.8,12.2,4.1,1.6,3.1,10.4,25.7,,0.2,0.5,0.7,0.071,,,,,
Kadeem Jac,SF,24,2,21,32.3,0.875,0.000,0.000,5.0,5.0,5.0,0.0,4.4,7.5,0.0,15.5,,0.1,0.0,0.1,0.321,,,,,
Player,Tm,Age,G,MP,PER,TS%,3PAr,FTr,ORB%,DRB%,TRB%,AST%,STL%,BLK%,TOV%,USG%,Ws-dum,OWS,DWS,WS,WS/48,Bpm-dum,OBPM,DBPM,BPM,VORP
Kadeem Jac,RE,24,30,420,15.7,0.520,0.121,0.511,7.8,17.4,12.6,4.3,1.5,2.9,10.7,26.2,,0.1,0.4,0.5,0.059,,,,,
Demetrius Jackso,MA,22,32,1071,15.3,0.510,0.329,0.255,4.4,11.5,8.2,29.6,1.9,1.0,15.0,22.5,,0.9,1.2,2.1,0.096,,,,,
Joe Jackso,NA,24,4,65,15.7,0.634,0.083,0.417,1.6,13.9,7.4,30.3,1.5,0.0,24.1,24.1,,0.1,0.1,0.2,0.114,,,,,
Lewis Jackso,ER,27,6,119,9.7,0.609,0.125,0.292,2.7,10.4,6.5,18.8,2.5,0.0,30.7,14.3,,0.0,0.1,0.1,0.032,,,,,
Pierre Jackso,TE,25,28,1004,22.7,0.636,0.449,0.420,2.4,10.4,6.4,30.7,2.4,0.3,15.6,23.8,,3.5,0.5,4.0,0.189,,,,,
Julian Jacob,LO,22,34,591,10.6,0.551,0.315,0.291,3.2,12.6,8.0,20.1,1.9,0.7,26.8,17.6,,-0.2,0.4,0.2,0.014,,,,,
Stefan Jankovi,ER,23,9,226,15.5,0.565,0.250,0.281,7.2,21.3,14.2,10.6,1.5,0.4,15.0,24.5,,0.2,0.2,0.4,0.087,,,,,
Stefan Jankovi,TOT,23,31,604,11.0,0.492,0.358,0.266,7.1,19.9,13.4,8.7,1.5,2.6,13.8,20.6,,-0.2,0.8,0.6,0.049,,,,,
Stefan Jankovi,SF,23,22,378,8.4,0.439,0.436,0.256,6.9,19.0,13.0,7.6,1.5,4.0,12.9,18.3,,-0.3,0.6,0.2,0.026,,,,,
Livio Jean-Charle,AU,23,45,1138,16.2,0.572,0.008,0.181,8.9,15.5,12.4,9.6,1.3,4.5,16.5,18.3,,1.0,1.4,2.4,0.103,,,,,
Player,Tm,Age,G,MP,PER,TS%,3PAr,FTr,ORB%,DRB%,TRB%,AST%,STL%,BLK%,TOV%,USG%,Ws-dum,OWS,DWS,WS,WS/48,Bpm-dum,OBPM,DBPM,BPM,VORP
Cory Jefferso,AU,26,42,1189,20.6,0.569,0.173,0.390,10.1,22.7,16.7,5.7,1.2,2.2,7.5,23.3,,2.9,1.5,4.4,0.178,,,,,
John Jenkin,WE,25,16,552,16.9,0.568,0.313,0.257,2.8,11.3,6.9,9.3,0.9,0.9,10.9,25.6,,0.7,0.2,0.9,0.082,,,,,
Terrence Jenning,TOT,28,18,244,10.3,0.527,0.000,0.298,4.8,15.3,10.1,6.2,1.8,2.9,13.4,12.9,,0.1,0.3,0.3,0.067,,,,,
Terrence Jenning,GR,28,8,72,10.8,0.680,0.000,0.400,4.3,8.9,6.5,4.1,0.7,2.3,14.5,12.2,,0.1,0.0,0.1,0.091,,,,,
Terrence Jenning,DE,28,10,172,10.1,0.470,0.000,0.262,5.1,18.0,11.6,7.1,2.2,3.2,13.0,13.1,,0.0,0.2,0.2,0.057,,,,,
Grant Jerret,CA,23,10,370,10.0,0.499,0.365,0.261,3.6,18.1,10.8,7.5,1.2,2.3,13.5,16.8,,0.0,0.4,0.4,0.055,,,,,
Paul Jesperso,RI,24,1,2,-18.1,0.000,1.000,0.000,0.0,0.0,0.0,0.0,0.0,0.0,0.0,20.2,,0.0,0.0,0.0,-0.463,,,,,
Alex Johnso,GR,29,10,79,9.1,0.491,0.353,0.588,2.6,14.9,8.6,16.9,1.2,0.0,18.9,14.2,,0.0,0.0,0.1,0.031,,,,,
Brice Johnso,SL,22,6,116,21.7,0.528,0.095,0.222,10.7,25.6,17.9,3.4,0.9,6.4,6.7,27.6,,0.1,0.2,0.3,0.130,,,,,
Chris Johnso,RI,26,32,1017,16.4,0.638,0.417,0.329,9.0,12.2,10.6,7.8,1.5,1.5,11.8,15.2,,2.7,0.5,3.1,0.147,,,,,
Player,Tm,Age,G,MP,PER,TS%,3PAr,FTr,ORB%,DRB%,TRB%,AST%,STL%,BLK%,TOV%,USG%,Ws-dum,OWS,DWS,WS,WS/48,Bpm-dum,OBPM,DBPM,BPM,VORP
Dakari Johnso,OK,21,49,1421,23.0,0.598,0.021,0.511,11.7,17.9,14.9,13.8,1.4,4.0,13.9,26.7,,3.3,2.6,5.9,0.198,,,,,
Jaron Johnso,RI,24,13,309,14.4,0.617,0.696,0.128,1.8,10.8,6.3,7.2,1.7,0.8,12.0,19.6,,0.5,0.1,0.7,0.101,,,,,
Justin Johnso,CA,28,20,496,10.8,0.551,0.311,0.209,1.3,11.5,6.4,11.9,1.8,0.2,13.4,15.8,,0.4,0.5,0.8,0.082,,,,,
Orlando Johnso,AU,27,13,396,17.1,0.546,0.238,0.500,5.1,14.1,9.9,10.6,1.6,0.6,12.4,26.0,,0.4,0.4,0.8,0.093,,,,,
Stanley Johnso,GR,20,1,37,20.5,0.577,0.421,0.421,2.8,11.6,7.1,18.5,1.3,2.3,11.8,29.4,,0.1,0.0,0.1,0.125,,,,,
Cameron Jone,SA,27,34,904,12.8,0.520,0.188,0.285,3.4,10.1,6.9,17.3,1.9,0.4,15.2,21.6,,0.1,1.0,1.1,0.060,,,,,
Cameron Jone,CA,27,13,345,11.9,0.535,0.258,0.177,4.2,8.4,6.3,10.2,1.1,0.0,10.1,18.1,,0.3,0.2,0.6,0.078,,,,,
Cameron Jone,TOT,27,47,1249,12.5,0.524,0.206,0.257,3.6,9.6,6.7,15.3,1.7,0.3,14.0,20.6,,0.5,1.2,1.7,0.065,,,,,
Damian Jone,SA,21,31,819,17.1,0.578,0.004,0.435,10.3,17.0,13.7,6.2,0.7,6.1,12.1,17.7,,1.1,1.3,2.4,0.138,,,,,
Derrick Jones Jr,NA,19,19,602,15.7,0.557,0.228,0.461,6.5,12.9,9.5,4.9,1.8,3.9,10.2,19.2,,0.7,0.8,1.5,0.122,,,,,
Player,Tm,Age,G,MP,PER,TS%,3PAr,FTr,ORB%,DRB%,TRB%,AST%,STL%,BLK%,TOV%,USG%,Ws-dum,OWS,DWS,WS,WS/48,Bpm-dum,OBPM,DBPM,BPM,VORP
Jalen Jone,MA,23,46,1654,17.4,0.566,0.368,0.461,6.2,19.9,13.4,10.7,1.3,1.2,14.4,26.5,,1.6,2.2,3.8,0.111,,,,,
Perry Jone,IO,25,24,523,4.7,0.396,0.459,0.186,1.8,12.2,7.0,12.0,0.6,1.7,15.7,20.2,,-1.3,0.3,-1.0,-0.090,,,,,
Roosevelt Jone,CA,24,46,1267,13.0,0.500,0.078,0.184,9.3,16.4,12.8,15.3,2.5,0.7,15.8,12.0,,1.1,1.7,2.8,0.107,,,,,
Solomon Jone,OK,,3,45,15.8,0.472,0.000,0.133,7.4,9.5,8.5,13.7,4.3,6.0,11.2,17.1,,0.0,0.1,0.1,0.126,,,,,
John Jorda,RA,24,40,705,14.4,0.519,0.250,0.342,3.8,11.4,7.8,26.4,3.1,0.4,16.6,16.8,,0.9,1.2,2.1,0.142,,,,,
Nikola Jovanovi,TOT,23,36,621,18.9,0.534,0.043,0.467,14.6,26.4,20.4,5.4,0.8,1.4,10.9,23.9,,0.9,0.6,1.6,0.120,,,,,
Nikola Jovanovi,GR,23,24,416,19.6,0.539,0.051,0.463,14.7,28.4,21.4,4.6,0.9,1.0,11.0,24.2,,0.7,0.4,1.1,0.127,,,,,
Nikola Jovanovi,WE,23,12,205,17.4,0.524,0.024,0.476,14.4,22.5,18.3,6.9,0.5,2.1,10.8,23.1,,0.3,0.2,0.5,0.106,,,,,
Ryan Kell,MA,25,8,281,23.9,0.615,0.320,0.484,1.6,27.2,15.1,15.0,0.9,4.5,9.2,25.6,,0.8,0.5,1.3,0.215,,,,,
Markus Kenned,RI,25,14,56,1.8,0.347,0.409,0.409,5.9,15.4,10.7,9.0,0.8,1.5,16.1,22.3,,-0.2,0.0,-0.1,-0.123,,,,,
Player,Tm,Age,G,MP,PER,TS%,3PAr,FTr,ORB%,DRB%,TRB%,AST%,STL%,BLK%,TOV%,USG%,Ws-dum,OWS,DWS,WS,WS/48,Bpm-dum,OBPM,DBPM,BPM,VORP
Anthony Ken,WE,33,4,48,9.2,0.684,0.000,1.286,9.1,7.2,8.2,2.9,0.0,0.0,15.4,11.5,,0.1,0.0,0.1,0.098,,,,,
Lasan Kroma,WE,25,2,28,23.5,0.669,0.250,1.125,0.0,20.6,10.0,10.5,3.5,0.0,7.7,19.7,,0.1,0.0,0.1,0.251,,,,,
Michale Kyse,SL,25,26,389,9.4,0.446,0.034,0.218,10.4,17.8,14.0,4.6,1.0,2.1,14.4,12.4,,-0.1,0.4,0.3,0.037,,,,,
Skal Labissier,RE,20,17,527,13.5,0.507,0.136,0.294,9.9,16.8,13.3,5.7,1.4,3.6,14.4,23.4,,-0.2,0.5,0.4,0.032,,,,,
Doron Lam,WE,25,42,1178,12.9,0.562,0.328,0.238,3.3,10.0,6.6,8.6,1.5,0.1,10.6,18.4,,1.3,0.6,1.9,0.079,,,,,
Stephane Lasm,TE,34,19,517,19.7,0.623,0.264,0.245,8.9,18.4,13.6,5.3,1.7,9.5,13.0,16.3,,1.0,0.6,1.6,0.152,,,,,
Dallas Lauderdal,MA,28,37,637,14.0,0.658,0.010,0.284,10.7,18.1,14.6,4.7,1.0,6.6,22.9,10.3,,0.7,1.0,1.8,0.134,,,,,
David Laur,DE,26,28,567,17.2,0.520,0.116,0.464,10.2,21.2,15.8,11.4,0.9,1.6,11.7,23.5,,0.6,0.6,1.1,0.097,,,,,
David Laur,WC,26,10,232,16.3,0.487,0.126,0.333,11.7,23.6,17.6,11.1,0.8,2.8,13.0,26.9,,0.0,0.3,0.3,0.054,,,,,
David Laur,TOT,26,38,799,16.9,0.510,0.119,0.422,10.7,21.9,16.3,11.3,0.9,2.0,12.1,24.5,,0.5,0.9,1.4,0.085,,,,,
Player,Tm,Age,G,MP,PER,TS%,3PAr,FTr,ORB%,DRB%,TRB%,AST%,STL%,BLK%,TOV%,USG%,Ws-dum,OWS,DWS,WS,WS/48,Bpm-dum,OBPM,DBPM,BPM,VORP
Jake Layma,WC,22,8,267,15.8,0.517,0.424,0.240,3.9,15.3,9.5,9.5,2.4,1.8,11.0,24.8,,0.1,0.4,0.4,0.075,,,,,
Jeff Ledbette,AU,28,38,732,17.7,0.683,0.612,0.144,1.5,9.2,5.6,18.0,2.8,0.8,17.4,19.4,,1.7,0.8,2.5,0.164,,,,,
Damion Le,MA,24,16,544,18.7,0.624,0.447,0.360,2.9,16.1,9.9,16.7,1.5,0.8,12.0,21.0,,1.3,0.6,2.0,0.176,,,,,
Stedmon Lemo,DE,24,8,63,3.2,0.267,0.391,0.130,6.9,11.8,9.4,6.3,3.1,2.5,17.1,19.5,,-0.3,0.1,-0.2,-0.156,,,,,
Stedmon Lemo,CA,24,5,43,13.0,0.489,0.450,0.050,0.0,23.4,11.6,0.0,3.4,1.9,4.7,21.0,,0.0,0.1,0.1,0.068,,,,,
Stedmon Lemo,TOT,24,13,106,7.2,0.369,0.419,0.093,4.1,16.5,10.3,3.8,3.2,2.3,11.8,20.1,,-0.3,0.2,-0.1,-0.065,,,,,
CJ Lesli,RA,25,45,938,19.5,0.583,0.145,0.403,10.6,21.2,16.1,12.3,1.6,2.0,15.4,24.3,,1.4,1.7,3.1,0.159,,,,,
Travis Lesli,FO,26,48,1355,17.8,0.569,0.304,0.128,7.8,16.9,12.3,12.5,1.7,0.9,10.8,20.5,,2.6,1.1,3.7,0.130,,,,,
Julien Lewi,RI,24,14,192,10.5,0.511,0.667,0.100,2.3,11.8,7.1,7.3,2.2,1.3,6.0,14.0,,0.2,0.1,0.3,0.084,,,,,
Shawn Lon,DE,24,39,1149,24.0,0.578,0.078,0.370,15.7,24.9,20.4,9.3,1.0,3.5,14.5,29.1,,2.2,1.5,3.6,0.152,,,,,
Player,Tm,Age,G,MP,PER,TS%,3PAr,FTr,ORB%,DRB%,TRB%,AST%,STL%,BLK%,TOV%,USG%,Ws-dum,OWS,DWS,WS,WS/48,Bpm-dum,OBPM,DBPM,BPM,VORP
Kevon Loone,SA,20,4,79,30.7,0.551,0.073,0.293,26.3,30.7,28.6,4.7,2.4,3.9,2.1,25.0,,0.3,0.2,0.5,0.288,,,,,
Carlos Lopez-Sos,DE,26,38,567,15.6,0.646,0.007,0.448,9.1,17.5,13.3,10.8,1.1,2.7,21.5,16.2,,0.8,0.6,1.4,0.115,,,,,
Jordan Loy,FO,23,49,1391,17.6,0.557,0.333,0.334,4.1,12.6,8.3,21.4,1.6,0.8,11.2,22.8,,3.2,0.9,4.1,0.142,,,,,
Kalin Luca,ER,27,34,1071,19.2,0.565,0.214,0.340,1.7,11.9,6.8,27.5,1.5,0.2,12.4,26.0,,2.0,0.7,2.7,0.121,,,,,
Kalin Luca,TOT,27,48,1497,18.8,0.557,0.261,0.325,1.9,11.8,6.8,27.6,1.5,0.1,12.2,25.6,,2.7,1.0,3.7,0.118,,,,,
Kalin Luca,IO,27,14,426,17.7,0.537,0.379,0.287,2.2,11.3,6.7,27.7,1.7,0.0,11.7,24.7,,0.7,0.3,1.0,0.110,,,,,
Timothe Luwaw,DE,21,3,81,11.1,0.554,0.250,0.375,0.0,15.8,8.0,13.7,3.0,1.0,22.2,18.6,,0.0,0.1,0.1,0.047,,,,,
Michael Lyon,ER,26,41,831,8.8,0.501,0.573,0.156,4.6,8.2,6.4,6.4,2.0,0.4,7.8,12.1,,0.4,0.6,1.0,0.057,,,,,
Josh Magett,LO,27,50,1767,16.7,0.535,0.472,0.244,1.8,11.3,6.6,36.8,2.0,0.1,15.1,20.3,,3.5,1.0,4.5,0.122,,,,,
Renaldo Majo,RE,34,29,526,9.4,0.571,0.552,0.552,2.3,8.3,5.3,4.1,1.8,1.8,8.4,11.5,,0.5,0.4,0.9,0.084,,,,,
Player,Tm,Age,G,MP,PER,TS%,3PAr,FTr,ORB%,DRB%,TRB%,AST%,STL%,BLK%,TOV%,USG%,Ws-dum,OWS,DWS,WS,WS/48,Bpm-dum,OBPM,DBPM,BPM,VORP
Kendall Marshal,RE,25,21,760,16.0,0.555,0.237,0.333,1.4,10.1,5.7,37.2,1.6,0.1,19.2,19.7,,1.0,0.4,1.5,0.092,,,,,
Cartier Marti,IO,32,25,654,10.0,0.491,0.476,0.204,2.2,13.1,7.7,8.2,1.8,0.6,13.3,21.9,,-0.5,0.6,0.0,0.003,,,,,
Cartier Marti,WC,32,6,149,16.6,0.595,0.414,0.397,1.4,10.8,6.1,15.5,1.3,0.5,11.7,22.0,,0.3,0.1,0.4,0.132,,,,,
Cartier Marti,TOT,32,31,803,11.2,0.511,0.465,0.239,2.1,12.7,7.4,9.6,1.7,0.6,13.0,21.9,,-0.2,0.7,0.4,0.027,,,,,
Jarell Marti,IO,22,22,619,15.5,0.501,0.132,0.340,8.6,19.4,14.0,6.9,1.2,3.2,12.3,27.2,,-0.1,0.7,0.6,0.046,,,,,
Bruce Masse,TOT,26,19,210,14.8,0.574,0.179,0.299,6.9,11.8,9.3,13.8,1.6,0.4,13.7,17.9,,0.3,0.1,0.5,0.103,,,,,
Bruce Masse,GR,26,17,181,16.4,0.584,0.207,0.310,6.2,13.0,9.5,13.5,1.6,0.5,8.3,16.9,,0.4,0.1,0.5,0.143,,,,,
Bruce Masse,ER,26,2,29,5.1,0.506,0.000,0.222,11.3,3.9,7.6,15.9,1.7,0.0,37.8,23.9,,-0.1,0.0,-0.1,-0.147,,,,,
DeAndre Mathie,IO,24,7,77,15.8,0.688,0.278,0.389,1.4,10.9,6.1,20.2,5.0,0.0,24.9,15.5,,0.1,0.1,0.2,0.136,,,,,
Greg May,NA,24,5,21,27.9,0.651,0.000,0.444,19.5,10.7,15.3,0.0,2.3,0.0,8.5,23.5,,0.1,0.0,0.1,0.276,,,,,
Player,Tm,Age,G,MP,PER,TS%,3PAr,FTr,ORB%,DRB%,TRB%,AST%,STL%,BLK%,TOV%,USG%,Ws-dum,OWS,DWS,WS,WS/48,Bpm-dum,OBPM,DBPM,BPM,VORP
Ray McCallu,GR,25,43,1587,18.6,0.520,0.183,0.293,3.4,13.3,8.2,29.5,2.9,0.7,13.8,22.6,,2.1,1.7,3.8,0.114,,,,,
Demetri McCame,AU,27,41,698,7.9,0.449,0.472,0.217,1.0,10.4,6.0,17.5,1.3,0.1,14.6,19.0,,-0.5,0.5,0.0,-0.003,,,,,
Patrick McCa,SA,21,2,71,8.4,0.436,0.385,0.231,0.0,10.9,5.7,18.0,1.3,2.2,14.9,19.8,,-0.1,0.1,0.0,-0.010,,,,,
Sheldon McClella,DE,24,6,153,16.3,0.622,0.250,0.650,3.6,11.1,7.4,8.4,2.8,0.5,13.5,16.3,,0.3,0.2,0.4,0.131,,,,,
Chris McCulloug,LI,21,31,982,15.7,0.518,0.203,0.356,7.2,19.0,12.8,9.3,1.9,1.8,12.6,25.4,,0.2,1.1,1.3,0.064,,,,,
Chris McCulloug,TOT,21,43,1267,15.6,0.524,0.238,0.339,7.0,18.8,12.6,8.6,1.8,2.2,12.3,24.2,,0.4,1.5,2.0,0.075,,,,,
Chris McCulloug,NA,21,12,285,15.0,0.549,0.393,0.262,6.5,18.2,12.0,6.0,1.4,3.2,11.2,19.8,,0.3,0.4,0.7,0.112,,,,,
Donnie McGrat,LI,32,12,435,8.9,0.497,0.515,0.131,0.2,7.1,3.5,32.5,1.2,0.5,26.6,13.2,,0.0,0.2,0.2,0.025,,,,,
Alfonzo McKinni,WC,24,50,1525,17.0,0.573,0.232,0.297,9.1,23.1,16.0,3.8,0.9,1.3,9.8,20.0,,2.4,1.8,4.2,0.134,,,,,
Mikh McKinne,DE,25,31,601,7.7,0.472,0.344,0.209,1.8,8.3,5.1,17.6,1.2,0.4,18.0,15.2,,-0.2,0.3,0.1,0.009,,,,,
Player,Tm,Age,G,MP,PER,TS%,3PAr,FTr,ORB%,DRB%,TRB%,AST%,STL%,BLK%,TOV%,USG%,Ws-dum,OWS,DWS,WS,WS/48,Bpm-dum,OBPM,DBPM,BPM,VORP
Trey McKinney-Jone,FO,26,48,1715,14.9,0.577,0.292,0.371,4.0,11.7,7.8,13.1,1.5,0.2,13.1,19.6,,2.9,0.9,3.9,0.108,,,,,
Jordan Micke,MA,22,12,391,22.9,0.576,0.162,0.207,10.4,18.0,14.4,9.6,1.3,6.3,12.2,27.7,,0.5,0.7,1.2,0.144,,,,,
Joey Mille,WE,24,25,389,2.7,0.408,0.500,0.309,1.7,6.8,4.2,11.6,1.6,0.4,27.3,11.6,,-0.6,0.2,-0.4,-0.054,,,,,
Malcolm Mille,MA,25,22,278,8.0,0.452,0.576,0.167,6.5,15.4,11.2,6.3,1.4,0.3,12.4,12.8,,-0.1,0.3,0.3,0.043,,,,,
Patrick Mille,TE,24,5,159,13.9,0.576,0.145,0.527,2.6,6.7,4.7,17.8,2.1,0.0,20.1,21.7,,0.1,0.0,0.2,0.048,,,,,
Patrick Mille,SF,24,42,1309,17.4,0.562,0.162,0.421,3.1,7.8,5.5,23.9,1.9,1.0,12.1,21.5,,2.4,1.2,3.6,0.133,,,,,
Patrick Mille,TOT,24,47,1468,17.0,0.563,0.160,0.431,3.1,7.7,5.4,23.2,1.9,0.9,13.0,21.5,,2.5,1.3,3.8,0.124,,,,,
Shonn Mille,SW,23,45,703,12.7,0.545,0.194,0.311,7.7,16.8,12.3,4.1,2.2,3.4,12.0,14.2,,0.5,0.7,1.3,0.085,,,,,
Elijah Millsa,NA,29,50,1838,16.9,0.535,0.307,0.450,3.8,19.9,11.5,17.4,2.7,1.1,14.8,24.7,,1.2,3.0,4.2,0.109,,,,,
Akil Mitchel,LI,24,4,115,9.0,0.385,0.238,0.048,8.8,16.3,12.4,13.5,1.2,2.6,14.0,17.5,,-0.2,0.1,-0.1,-0.023,,,,,
Player,Tm,Age,G,MP,PER,TS%,3PAr,FTr,ORB%,DRB%,TRB%,AST%,STL%,BLK%,TOV%,USG%,Ws-dum,OWS,DWS,WS,WS/48,Bpm-dum,OBPM,DBPM,BPM,VORP
Egidijus Mockeviciu,LI,24,35,741,15.0,0.518,0.077,0.296,13.6,26.5,19.8,10.6,2.0,3.0,19.6,17.8,,0.1,1.1,1.2,0.077,,,,,
Luis Monter,SF,23,36,880,11.2,0.510,0.530,0.208,3.7,21.9,12.8,10.8,2.0,2.1,16.3,17.1,,-0.2,1.3,1.1,0.059,,,,,
Luis Monter,RE,23,13,300,14.3,0.552,0.383,0.245,4.3,28.8,16.5,16.6,2.1,2.9,20.0,18.3,,0.0,0.5,0.5,0.079,,,,,
Luis Monter,TOT,23,49,1180,12.0,0.520,0.493,0.218,3.9,23.7,13.7,12.2,2.0,2.3,17.2,17.4,,-0.2,1.8,1.6,0.064,,,,,
J.J. Moor,LI,25,46,1219,16.6,0.576,0.294,0.275,5.9,8.1,7.0,7.1,1.6,1.0,7.8,20.8,,2.3,0.8,3.1,0.121,,,,,
Yanick Moreir,RA,25,48,908,17.8,0.521,0.006,0.401,13.1,23.3,18.4,12.1,1.6,2.2,12.0,20.6,,1.4,1.7,3.1,0.164,,,,,
Eric Morelan,CA,25,44,1469,19.1,0.542,0.007,0.416,10.6,30.2,20.3,12.4,2.5,6.7,16.9,17.9,,0.9,3.3,4.2,0.139,,,,,
Darius Morri,RI,26,47,1585,18.8,0.577,0.410,0.393,2.8,11.0,6.9,27.1,1.7,0.1,15.5,24.6,,3.9,0.6,4.5,0.136,,,,,
Boubacar Moungor,OK,22,43,410,6.6,0.476,0.811,0.079,1.4,9.9,5.7,5.2,1.6,0.7,9.0,15.2,,-0.2,0.5,0.4,0.044,,,,,
Xavier Munfor,SW,24,30,1116,13.4,0.526,0.297,0.338,1.6,12.4,7.1,23.2,1.4,0.7,17.0,24.4,,0.0,0.5,0.5,0.022,,,,,
Player,Tm,Age,G,MP,PER,TS%,3PAr,FTr,ORB%,DRB%,TRB%,AST%,STL%,BLK%,TOV%,USG%,Ws-dum,OWS,DWS,WS,WS/48,Bpm-dum,OBPM,DBPM,BPM,VORP
Kevin Murph,GR,26,45,1522,18.5,0.591,0.453,0.365,2.5,15.9,9.0,7.3,1.4,0.2,11.7,27.8,,2.6,1.1,3.7,0.115,,,,,
Dejounte Murra,AU,20,15,527,14.5,0.494,0.193,0.275,4.3,20.1,12.7,28.8,2.8,0.3,22.5,28.2,,-0.8,0.8,0.0,0.000,,,,,
Abdel Nade,MA,23,40,1340,18.1,0.568,0.430,0.309,2.5,16.7,9.9,21.2,1.5,1.8,16.3,29.5,,0.9,1.7,2.6,0.093,,,,,
Le'Bryan Nas,RI,24,27,517,9.2,0.492,0.321,0.466,3.6,14.2,9.0,8.1,1.4,1.1,15.9,21.6,,-0.2,0.2,0.0,0.004,,,,,
Maurice Ndou,WE,24,18,507,17.9,0.543,0.139,0.368,7.3,20.2,13.6,6.6,1.9,4.4,12.6,23.4,,0.4,0.7,1.0,0.097,,,,,
Gary Nea,TOT,32,9,255,19.4,0.575,0.290,0.351,1.2,11.1,6.2,10.8,1.9,0.0,7.9,26.9,,0.5,0.1,0.7,0.124,,,,,
Gary Nea,TE,32,2,66,16.0,0.539,0.343,0.257,3.2,6.5,4.8,17.8,1.4,0.0,13.3,27.7,,0.1,0.0,0.1,0.051,,,,,
Gary Nea,WE,32,1,14,1.8,0.515,0.000,0.667,0.0,8.2,4.0,0.0,3.5,0.0,34.0,17.9,,0.0,0.0,0.0,-0.104,,,,,
Gary Nea,RE,32,6,175,22.1,0.590,0.280,0.376,0.6,13.1,6.8,9.0,1.9,0.0,4.4,27.4,,0.5,0.1,0.6,0.170,,,,,
Roberto Nelso,DE,25,3,20,-11.3,0.000,0.750,0.000,0.0,16.0,8.1,17.7,0.0,0.0,42.9,14.7,,-0.1,0.0,-0.1,-0.321,,,,,
Player,Tm,Age,G,MP,PER,TS%,3PAr,FTr,ORB%,DRB%,TRB%,AST%,STL%,BLK%,TOV%,USG%,Ws-dum,OWS,DWS,WS,WS/48,Bpm-dum,OBPM,DBPM,BPM,VORP
Raul Net,SL,24,1,34,26.5,0.612,0.364,0.091,3.0,25.9,14.1,59.6,1.5,0.0,0.0,14.5,,0.2,0.0,0.2,0.351,,,,,
Jeff Newberr,GR,24,25,285,8.0,0.414,0.157,0.205,3.2,12.8,7.9,10.7,2.9,0.6,16.6,16.2,,-0.4,0.3,-0.1,-0.022,,,,,
Georges Nian,FO,23,6,198,17.0,0.515,0.314,0.124,6.1,18.5,12.2,16.9,1.7,0.8,11.2,26.7,,0.2,0.2,0.3,0.078,,,,,
Wally Nian,LI,20,5,18,-10.1,0.254,0.143,0.286,5.6,18.4,11.7,0.0,0.0,4.2,27.6,24.3,,-0.1,0.0,-0.1,-0.320,,,,,
E. Victor Nickerso,FO,24,14,131,-0.3,0.297,0.250,0.600,4.2,13.1,8.6,4.7,2.6,0.6,28.3,11.4,,-0.4,0.1,-0.2,-0.087,,,,,
David Nwab,LO,24,40,1150,21.4,0.660,0.048,0.466,9.8,15.1,12.5,5.4,2.2,3.3,6.6,16.3,,3.8,1.2,4.9,0.206,,,,,
Daniel Nwaelel,AU,32,32,724,14.6,0.654,0.614,0.238,2.8,15.1,9.3,8.2,1.2,0.7,12.5,15.5,,1.4,0.6,2.1,0.138,,,,,
Ike Nwam,SF,23,47,1152,10.0,0.543,0.669,0.198,2.7,10.9,6.8,5.7,1.8,0.5,10.4,15.6,,0.6,1.1,1.7,0.070,,,,,
Chris Obekp,SA,23,31,468,18.9,0.545,0.008,0.339,14.2,21.4,17.9,7.1,1.8,11.7,15.6,15.5,,0.5,1.2,1.7,0.170,,,,,
J.J. O'Brie,SL,24,47,1547,8.7,0.477,0.289,0.240,1.7,10.6,6.0,12.5,1.3,0.7,13.1,16.1,,-0.6,1.1,0.6,0.018,,,,,
Player,Tm,Age,G,MP,PER,TS%,3PAr,FTr,ORB%,DRB%,TRB%,AST%,STL%,BLK%,TOV%,USG%,Ws-dum,OWS,DWS,WS,WS/48,Bpm-dum,OBPM,DBPM,BPM,VORP
Johnny O'Bryant II,NA,23,25,807,17.3,0.535,0.195,0.273,7.6,21.9,14.4,8.4,1.5,1.6,11.0,25.1,,0.8,1.1,1.9,0.113,,,,,
Jon Octeu,WC,25,41,657,11.9,0.498,0.255,0.365,4.5,13.6,9.0,18.7,1.6,0.5,12.4,17.2,,0.5,0.7,1.1,0.084,,,,,
Goodluck Okonobo,RA,22,7,51,12.2,0.709,0.000,0.222,18.3,12.6,15.3,5.8,2.0,3.4,37.8,13.7,,0.0,0.1,0.1,0.085,,,,,
Kevin Olekaib,CA,24,24,413,8.8,0.494,0.633,0.057,2.1,7.6,4.8,7.9,2.1,0.2,12.4,18.8,,-0.1,0.4,0.2,0.027,,,,,
Carl Ona-Emb,SA,27,6,53,5.2,0.488,0.583,0.250,0.0,11.0,5.7,17.4,0.0,0.0,18.4,12.9,,0.0,0.0,0.0,0.023,,,,,
Chinanu Onuak,RI,20,43,1202,21.7,0.661,0.019,0.407,14.0,27.2,20.7,10.9,2.0,4.7,20.6,18.8,,2.8,1.6,4.4,0.175,,,,,
Reggis Onwukamuch,ER,24,36,571,4.8,0.470,0.016,0.672,9.9,15.9,12.9,3.3,0.5,4.2,30.3,9.1,,-0.4,0.5,0.1,0.006,,,,,
Marcus Paig,SL,23,46,1505,10.0,0.535,0.568,0.191,1.4,5.9,3.6,10.6,1.3,0.8,13.0,17.2,,0.4,0.9,1.3,0.043,,,,,
Bubu Pal,SF,25,25,850,14.8,0.577,0.216,0.720,2.2,10.6,6.4,21.0,1.2,0.1,14.3,19.7,,1.5,0.7,2.2,0.123,,,,,
J.J. Panosk,MA,24,11,123,11.0,0.696,0.867,0.067,6.5,9.1,7.9,5.0,1.2,4.3,28.0,15.4,,0.0,0.1,0.2,0.062,,,,,
Player,Tm,Age,G,MP,PER,TS%,3PAr,FTr,ORB%,DRB%,TRB%,AST%,STL%,BLK%,TOV%,USG%,Ws-dum,OWS,DWS,WS,WS/48,Bpm-dum,OBPM,DBPM,BPM,VORP
Georgios Papagianni,RE,19,23,739,14.9,0.534,0.022,0.136,8.1,19.4,13.7,2.4,0.8,6.9,13.0,19.4,,0.1,0.9,0.9,0.060,,,,,
Jannero Parg,OK,37,25,572,12.2,0.529,0.643,0.107,0.4,8.6,4.6,22.6,1.8,0.0,16.9,25.8,,-0.1,0.7,0.6,0.049,,,,,
Lamar Patterso,RE,25,28,1003,20.3,0.563,0.375,0.472,3.6,15.5,9.5,21.5,2.7,0.5,14.1,29.4,,1.3,1.0,2.4,0.114,,,,,
Cameron Payn,OK,22,2,40,21.0,0.518,0.515,0.121,2.8,2.7,2.7,31.2,1.2,0.0,5.4,39.6,,0.1,0.0,0.1,0.131,,,,,
Cameron Payn,WC,22,3,91,24.8,0.507,0.420,0.240,0.0,21.3,10.5,42.2,4.3,0.0,6.7,27.7,,0.2,0.2,0.4,0.204,,,,,
Cameron Payn,TOT,22,5,131,23.6,0.511,0.458,0.193,0.8,15.6,8.1,38.8,3.4,0.0,6.2,31.4,,0.3,0.2,0.5,0.182,,,,,
Gary Payton I,RI,24,49,1603,17.6,0.582,0.433,0.187,6.0,15.6,10.9,13.9,2.9,1.7,11.5,16.9,,3.4,1.5,4.9,0.146,,,,,
Johan Petr,SF,,2,10,3.0,0.250,0.000,0.000,0.0,10.6,5.3,13.2,4.6,0.0,0.0,16.3,,0.0,0.0,0.0,-0.063,,,,,
John Petrucell,ER,24,32,673,9.4,0.528,0.194,0.389,3.9,12.5,8.1,9.0,2.0,1.1,15.5,12.9,,0.2,0.6,0.8,0.055,,,,,
Marshall Plumle,WE,24,15,461,15.3,0.594,0.000,0.653,10.2,23.5,16.6,3.5,1.0,3.5,18.8,17.7,,0.4,0.5,0.8,0.088,,,,,
Player,Tm,Age,G,MP,PER,TS%,3PAr,FTr,ORB%,DRB%,TRB%,AST%,STL%,BLK%,TOV%,USG%,Ws-dum,OWS,DWS,WS,WS/48,Bpm-dum,OBPM,DBPM,BPM,VORP
Jakob Poelt,RA,21,2,67,22.1,0.544,0.040,0.400,15.7,27.1,21.7,5.0,1.5,7.9,9.3,21.2,,0.1,0.2,0.3,0.192,,,,,
Dwayne Polee Jr,LI,25,22,287,12.5,0.530,0.202,0.434,5.3,15.4,10.1,2.5,3.2,2.1,16.3,19.8,,-0.1,0.4,0.3,0.052,,,,,
Bobby Porti,WC,21,1,39,29.3,0.581,0.167,0.333,16.1,8.3,12.2,14.7,1.3,6.2,9.8,33.3,,0.1,0.0,0.2,0.217,,,,,
Marcus Posle,SF,22,47,1169,8.4,0.483,0.618,0.148,0.9,7.6,4.2,11.5,1.7,0.3,12.5,18.9,,-0.8,1.0,0.2,0.008,,,,,
Alex Poythres,FO,23,46,1430,19.3,0.595,0.123,0.325,9.1,16.6,12.8,8.0,1.2,3.5,14.7,24.8,,2.4,1.3,3.7,0.125,,,,,
Phil Presse,SA,25,46,1534,18.0,0.512,0.445,0.277,2.2,13.3,7.9,37.5,3.0,0.4,16.2,26.4,,1.1,2.3,3.4,0.108,,,,,
T.J. Pric,ER,23,49,1559,12.7,0.534,0.325,0.250,1.3,9.7,5.5,13.6,2.9,0.7,14.3,21.0,,0.2,1.5,1.7,0.053,,,,,
Taurean Princ,LI,22,5,142,21.5,0.577,0.263,0.263,4.3,24.9,14.1,13.7,2.6,2.1,13.6,29.3,,0.1,0.2,0.3,0.116,,,,,
Tim Quarterma,TOT,22,22,678,12.1,0.434,0.337,0.195,4.8,17.1,10.7,32.9,2.6,0.9,21.8,22.0,,-0.9,0.9,0.0,0.000,,,,,
Tim Quarterma,LI,22,13,412,13.1,0.476,0.340,0.240,4.6,16.6,10.4,31.4,2.4,1.1,22.8,21.0,,-0.3,0.5,0.2,0.023,,,,,
Player,Tm,Age,G,MP,PER,TS%,3PAr,FTr,ORB%,DRB%,TRB%,AST%,STL%,BLK%,TOV%,USG%,Ws-dum,OWS,DWS,WS,WS/48,Bpm-dum,OBPM,DBPM,BPM,VORP
Tim Quarterma,WC,22,9,266,10.6,0.374,0.333,0.135,5.1,17.8,11.4,35.2,2.9,0.6,20.3,23.6,,-0.6,0.4,-0.2,-0.037,,,,,
Jordan Raile,DE,24,2,31,18.9,0.676,0.000,0.250,7.1,13.7,10.4,5.0,3.1,7.5,10.1,13.4,,0.1,0.1,0.1,0.180,,,,,
Brandis Raley-Ros,ER,29,8,154,6.8,0.563,0.429,0.107,2.1,9.5,5.7,8.3,1.0,0.0,12.0,9.4,,0.1,0.1,0.2,0.055,,,,,
Chasson Randl,DE,23,1,35,6.0,0.509,0.333,0.333,0.0,3.0,1.5,20.3,2.8,0.0,30.4,23.7,,-0.1,0.0,-0.1,-0.093,,,,,
Chasson Randl,WE,23,20,646,16.5,0.565,0.399,0.340,2.4,10.5,6.3,18.8,1.5,0.4,15.6,28.8,,0.6,0.4,0.9,0.069,,,,,
Chasson Randl,TOT,23,21,681,16.0,0.563,0.396,0.339,2.2,10.1,6.1,18.9,1.6,0.4,16.2,28.6,,0.5,0.4,0.9,0.061,,,,,
Jarelle Reische,WE,,2,37,6.7,0.394,0.375,0.250,0.0,18.7,9.1,7.3,4.0,0.0,10.1,11.4,,0.0,0.1,0.0,0.016,,,,,
Malachi Richardso,RE,21,11,385,12.6,0.569,0.309,0.574,1.1,12.2,6.6,6.5,1.2,0.0,16.1,26.6,,0.0,0.2,0.2,0.026,,,,,
Da'Shonte Rile,SL,26,29,512,7.9,0.446,0.031,0.144,6.3,18.0,12.0,8.2,1.1,7.2,23.7,11.4,,-0.5,0.8,0.3,0.026,,,,,
DeAngelo Rile,IO,28,24,296,13.1,0.554,0.029,0.493,8.8,15.9,12.3,10.1,1.6,8.0,25.0,16.0,,-0.1,0.4,0.4,0.062,,,,,
Player,Tm,Age,G,MP,PER,TS%,3PAr,FTr,ORB%,DRB%,TRB%,AST%,STL%,BLK%,TOV%,USG%,Ws-dum,OWS,DWS,WS,WS/48,Bpm-dum,OBPM,DBPM,BPM,VORP
Jaleel Robert,SA,24,6,44,11.0,0.581,0.000,0.500,2.4,13.2,8.0,9.8,0.0,7.0,17.0,16.8,,0.0,0.1,0.1,0.092,,,,,
Jaleel Robert,TOT,24,21,203,9.0,0.554,0.000,0.209,10.2,18.6,14.3,5.1,1.0,5.1,29.9,14.1,,-0.2,0.3,0.1,0.031,,,,,
Jaleel Robert,SL,24,15,159,8.4,0.541,0.000,0.097,12.4,20.0,16.1,3.8,1.2,4.6,34.5,13.4,,-0.2,0.2,0.0,0.014,,,,,
Nate Robinso,DE,,17,440,16.4,0.547,0.369,0.286,2.5,7.0,4.8,24.0,3.3,0.5,14.5,21.1,,0.6,0.4,1.1,0.117,,,,,
Frank Roger,SW,23,3,20,14.8,0.683,0.167,0.500,5.5,10.9,8.3,0.0,2.4,4.1,12.0,17.8,,0.0,0.0,0.1,0.154,,,,,
Ismael Romer,GR,25,18,217,12.1,0.531,0.000,0.592,7.5,17.8,12.5,5.7,1.3,3.1,16.0,20.9,,-0.1,0.2,0.2,0.034,,,,,
JaKarr Sampso,IO,23,47,1206,17.2,0.545,0.167,0.326,5.7,18.2,11.9,9.1,1.6,2.4,12.8,26.3,,0.5,1.4,1.9,0.075,,,,,
Larry Sander,CA,28,4,77,12.8,0.377,0.000,0.407,15.7,30.5,23.1,5.5,0.0,10.9,11.2,19.6,,-0.1,0.1,0.1,0.031,,,,,
Wesley Saunder,WC,23,46,1149,16.0,0.568,0.025,0.545,7.7,15.6,11.6,22.0,1.4,0.6,17.1,15.4,,2.1,1.2,3.3,0.137,,,,,
Mike Scot,DE,28,2,41,5.0,0.447,0.526,0.000,2.7,13.0,7.9,7.2,0.0,1.9,13.6,22.5,,-0.1,0.0,-0.1,-0.060,,,,,
Player,Tm,Age,G,MP,PER,TS%,3PAr,FTr,ORB%,DRB%,TRB%,AST%,STL%,BLK%,TOV%,USG%,Ws-dum,OWS,DWS,WS,WS/48,Bpm-dum,OBPM,DBPM,BPM,VORP
Mike Scot,TOT,28,6,141,14.3,0.470,0.345,0.034,7.9,11.6,9.8,12.3,1.0,3.8,8.3,27.8,,-0.1,0.1,0.1,0.019,,,,,
Mike Scot,LI,28,4,100,18.2,0.476,0.294,0.044,10.1,11.0,10.5,14.4,1.4,4.5,6.7,29.9,,0.0,0.1,0.1,0.051,,,,,
Wayne Selde,IO,22,35,1070,17.3,0.544,0.410,0.269,4.5,11.8,8.1,16.6,1.4,1.3,12.1,26.8,,0.9,0.8,1.6,0.073,,,,,
Will Sheehe,RA,25,38,895,15.0,0.577,0.339,0.248,4.4,10.7,7.7,13.3,2.7,0.5,15.4,19.7,,1.0,1.4,2.4,0.131,,,,,
D.J. Shumper,LO,26,1,3,-0.7,,,,0.0,34.6,17.5,0.0,0.0,0.0,,0.0,,0.0,0.0,0.0,0.046,,,,,
Pascal Siaka,RA,,5,145,28.1,0.608,0.182,0.303,11.3,21.4,16.6,15.9,3.8,4.8,11.8,25.7,,0.4,0.4,0.8,0.265,,,,,
Xavier Sila,NA,29,40,1249,13.1,0.599,0.642,0.236,1.9,8.4,5.0,3.9,1.3,0.3,9.0,19.0,,2.1,1.0,3.1,0.119,,,,,
Marcus Simmon,GR,29,25,589,7.4,0.493,0.290,0.218,5.4,10.0,7.6,6.5,1.3,1.3,16.1,11.7,,0.0,0.3,0.3,0.027,,,,,
Mark Simmon,LO,,1,1,0.0,,,,0.0,0.0,0.0,0.0,0.0,0.0,,0.0,,0.0,0.0,0.0,-0.017,,,,,
Patrick Simo,SL,24,2,9,-18.6,0.188,0.875,0.000,0.0,0.0,0.0,0.0,0.0,0.0,0.0,38.4,,-0.1,0.0,-0.1,-0.534,,,,,
Player,Tm,Age,G,MP,PER,TS%,3PAr,FTr,ORB%,DRB%,TRB%,AST%,STL%,BLK%,TOV%,USG%,Ws-dum,OWS,DWS,WS,WS/48,Bpm-dum,OBPM,DBPM,BPM,VORP
Henry Sim,SL,26,25,764,17.8,0.550,0.111,0.506,9.4,23.3,16.1,10.4,1.5,2.3,15.7,25.9,,0.5,1.1,1.6,0.100,,,,,
Satnam Sing,TE,21,8,43,4.4,0.470,0.000,1.222,9.8,14.9,12.3,2.8,1.1,0.0,22.4,16.9,,0.0,0.0,0.0,-0.035,,,,,
EJ Single,RA,26,48,1355,10.1,0.545,0.588,0.203,2.4,13.4,8.2,12.6,1.2,1.0,16.6,15.2,,0.8,1.8,2.5,0.089,,,,,
D'Vauntes Smith-River,WC,24,6,67,0.2,0.319,0.423,0.192,3.1,12.8,7.9,10.3,1.5,0.0,19.9,22.4,,-0.3,0.1,-0.3,-0.185,,,,,
D'Vauntes Smith-River,TOT,24,7,69,0.2,0.319,0.423,0.192,3.0,12.5,7.7,10.0,1.4,0.0,19.9,21.7,,-0.3,0.1,-0.3,-0.180,,,,,
D'Vauntes Smith-River,FO,24,1,2,0.0,,,,0.0,0.0,0.0,0.0,0.0,0.0,,0.0,,0.0,0.0,0.0,-0.011,,,,,
Joshua Smit,RI,24,44,620,23.3,0.666,0.004,0.522,18.1,19.1,18.6,9.4,2.1,2.7,18.0,22.1,,2.0,0.6,2.6,0.199,,,,,
Kenneth Smit,LO,24,47,1049,9.8,0.432,0.384,0.283,3.1,11.7,7.4,22.6,3.0,0.2,19.4,17.2,,-0.7,0.9,0.2,0.009,,,,,
Roscoe Smit,TOT,25,42,891,16.5,0.573,0.090,0.489,10.3,14.0,12.2,2.0,1.4,2.3,11.7,20.0,,1.3,0.7,2.0,0.109,,,,,
Roscoe Smit,LO,25,18,345,15.3,0.581,0.145,0.629,11.0,9.9,10.5,0.8,1.1,1.9,14.6,22.0,,0.4,0.2,0.6,0.084,,,,,
Player,Tm,Age,G,MP,PER,TS%,3PAr,FTr,ORB%,DRB%,TRB%,AST%,STL%,BLK%,TOV%,USG%,Ws-dum,OWS,DWS,WS,WS/48,Bpm-dum,OBPM,DBPM,BPM,VORP
Roscoe Smit,DE,25,24,546,17.3,0.567,0.053,0.396,9.8,16.6,13.2,2.8,1.7,2.6,9.5,18.7,,0.8,0.6,1.4,0.124,,,,,
Russ Smit,DE,25,25,705,20.4,0.535,0.285,0.313,3.9,9.5,6.7,34.8,3.4,0.4,15.8,28.3,,1.0,0.8,1.8,0.124,,,,,
James Southerlan,SA,26,35,945,18.2,0.602,0.630,0.141,4.1,18.6,11.6,5.2,1.9,3.5,6.1,18.8,,1.8,1.6,3.3,0.170,,,,,
Tiago Splitte,DE,,2,28,15.7,0.458,0.000,0.417,11.7,30.4,21.2,10.7,1.7,2.8,12.3,24.3,,0.0,0.0,0.0,0.061,,,,,
Keith Steffec,SA,27,1,15,11.6,0.600,0.800,0.000,6.9,0.0,3.3,19.1,6.3,0.0,28.6,19.5,,0.0,0.0,0.0,0.083,,,,,
Deshawn Stephen,LO,,10,189,18.3,0.611,0.052,0.293,16.2,14.3,15.2,3.8,0.7,3.1,8.4,15.5,,0.5,0.1,0.6,0.162,,,,,
Daniel Stewar,AU,25,35,509,8.8,0.592,0.000,0.593,9.6,17.1,13.6,5.5,1.5,1.0,26.6,12.0,,0.2,0.5,0.7,0.066,,,,,
David Stockto,RE,25,15,527,14.6,0.531,0.379,0.223,3.3,11.6,7.4,23.0,2.0,0.5,14.1,21.6,,0.4,0.4,0.8,0.074,,,,,
Diamond Ston,SA,19,4,68,16.4,0.530,0.204,0.265,9.2,17.1,13.3,5.8,0.7,4.5,19.2,41.7,,-0.2,0.1,-0.1,-0.065,,,,,
Diamond Ston,TOT,19,13,282,20.9,0.567,0.164,0.279,10.3,24.0,17.0,7.9,1.0,3.4,15.9,33.4,,0.1,0.4,0.5,0.080,,,,,
Player,Tm,Age,G,MP,PER,TS%,3PAr,FTr,ORB%,DRB%,TRB%,AST%,STL%,BLK%,TOV%,USG%,Ws-dum,OWS,DWS,WS,WS/48,Bpm-dum,OBPM,DBPM,BPM,VORP
Diamond Ston,SL,19,9,214,22.3,0.582,0.147,0.284,10.6,26.2,18.2,8.5,1.2,3.1,14.4,30.8,,0.2,0.3,0.6,0.126,,,,,
Julyan Ston,FO,28,33,1144,13.2,0.511,0.456,0.285,2.1,17.6,9.7,32.8,1.9,2.2,26.0,12.8,,0.9,1.1,2.0,0.085,,,,,
Rasheed Sulaimo,SW,22,49,1649,12.3,0.548,0.410,0.266,2.1,10.5,6.3,14.9,1.9,0.2,13.5,17.9,,1.2,0.8,2.0,0.058,,,,,
Jared Sullinge,RA,24,2,55,20.0,0.507,0.300,0.267,12.7,36.9,25.4,15.3,0.0,0.0,8.2,29.2,,0.1,0.1,0.2,0.179,,,,,
Kaleb Tarczewsk,OK,23,43,1097,16.4,0.675,0.000,0.711,10.6,20.3,15.6,3.1,0.5,2.4,14.5,14.6,,2.6,1.7,4.3,0.187,,,,,
Asauhn Dixon-Tatu,MA,25,42,699,11.4,0.568,0.000,0.390,11.7,11.1,11.4,2.3,0.3,3.1,16.6,15.2,,0.5,0.6,1.1,0.077,,,,,
Walter Tavare,RA,24,48,1134,22.9,0.618,0.006,0.309,14.3,21.9,18.3,9.8,1.7,10.1,17.0,19.2,,2.3,2.8,5.2,0.219,,,,,
Isaiah Taylo,RI,22,25,872,19.7,0.637,0.275,0.462,1.9,7.3,4.6,24.7,1.0,0.3,12.9,21.9,,3.2,0.1,3.2,0.179,,,,,
Jermaine Taylo,SL,30,45,1140,14.9,0.546,0.370,0.213,3.1,10.2,6.5,9.6,1.9,1.0,12.7,25.4,,0.2,1.1,1.2,0.052,,,,,
Marquis Teagu,FO,23,12,311,13.5,0.500,0.206,0.325,1.1,7.3,4.2,27.8,0.9,0.3,11.7,22.2,,0.4,0.1,0.5,0.072,,,,,
Player,Tm,Age,G,MP,PER,TS%,3PAr,FTr,ORB%,DRB%,TRB%,AST%,STL%,BLK%,TOV%,USG%,Ws-dum,OWS,DWS,WS,WS/48,Bpm-dum,OBPM,DBPM,BPM,VORP
JT Terrel,RA,25,1,9,-10.3,0.347,0.500,1.000,0.0,0.0,0.0,13.7,0.0,0.0,41.0,23.8,,-0.1,0.0,-0.1,-0.293,,,,,
Naadir Tharp,DE,25,1,27,8.8,0.500,0.545,0.000,0.0,11.8,6.0,26.6,0.0,0.0,15.4,20.2,,0.0,0.0,0.0,0.035,,,,,
Aaron Thoma,WC,25,43,1130,14.0,0.519,0.252,0.203,1.4,13.0,7.1,10.0,1.5,0.5,9.4,24.8,,0.2,1.1,1.3,0.054,,,,,
Joe Thomasso,ER,,3,65,14.6,0.679,0.357,0.000,5.0,12.1,8.5,18.5,1.5,2.6,22.2,12.1,,0.1,0.1,0.2,0.118,,,,,
Shaquille Thoma,AU,24,5,14,11.1,1.042,0.000,1.000,0.0,15.3,8.1,9.7,0.0,0.0,0.0,4.5,,0.0,0.0,0.1,0.187,,,,,
Hollis Thompso,AU,25,16,426,17.2,0.588,0.322,0.237,4.5,15.4,10.2,8.1,1.3,1.3,9.3,22.3,,0.8,0.4,1.2,0.135,,,,,
Mychel Thompso,SA,28,27,560,6.0,0.413,0.586,0.159,1.9,10.2,6.2,9.2,1.7,1.4,8.8,12.7,,-0.3,0.6,0.3,0.025,,,,,
Shevon Thompso,ER,23,17,362,19.8,0.582,0.000,0.308,18.0,20.8,19.4,3.0,1.5,1.4,17.7,25.9,,0.3,0.4,0.7,0.092,,,,,
Jarvis Threat,RI,23,41,673,12.8,0.482,0.218,0.498,3.9,10.4,7.2,15.6,1.7,0.5,13.2,25.9,,0.0,0.2,0.2,0.018,,,,,
Mike Tobe,SW,22,35,936,18.4,0.563,0.167,0.254,13.4,23.7,18.6,6.2,1.5,4.0,13.9,19.8,,1.2,1.1,2.2,0.115,,,,,
Player,Tm,Age,G,MP,PER,TS%,3PAr,FTr,ORB%,DRB%,TRB%,AST%,STL%,BLK%,TOV%,USG%,Ws-dum,OWS,DWS,WS,WS/48,Bpm-dum,OBPM,DBPM,BPM,VORP
J.P. Tokot,RI,23,43,1436,15.9,0.580,0.387,0.297,4.0,14.5,9.3,11.1,3.3,1.3,11.6,16.0,,2.5,1.4,3.9,0.129,,,,,
Axel Toupan,RA,24,36,993,18.3,0.607,0.285,0.693,1.3,14.5,8.2,20.4,2.0,0.5,17.2,25.4,,2.1,1.5,3.6,0.173,,,,,
Jabril Trawic,SF,24,37,931,14.8,0.597,0.293,0.528,3.2,10.8,7.0,15.6,1.6,1.1,15.6,20.7,,1.3,0.9,2.2,0.114,,,,,
Travis Trice II,WE,24,9,320,21.0,0.574,0.217,0.357,2.0,9.4,5.6,29.2,1.2,0.0,8.8,24.2,,1.0,0.1,1.1,0.172,,,,,
Brandon Trich,DE,25,35,681,10.3,0.500,0.316,0.267,3.2,9.7,6.5,14.0,1.6,0.8,14.2,16.5,,0.2,0.5,0.7,0.046,,,,,
Brandon Trich,TOT,25,48,926,10.7,0.530,0.345,0.273,2.8,9.1,6.0,13.1,1.4,0.7,13.6,16.5,,0.6,0.6,1.1,0.059,,,,,
Brandon Trich,SL,25,13,245,11.9,0.615,0.431,0.292,1.7,7.6,4.6,10.4,0.6,0.3,11.9,16.3,,0.4,0.1,0.5,0.097,,,,,
Dakarai Tucke,SL,22,1,35,0.6,0.279,0.444,0.444,3.0,0.0,1.5,0.0,2.8,0.0,8.5,14.5,,-0.1,0.0,-0.1,-0.118,,,,,
Ralston Turne,SW,25,37,448,8.8,0.592,0.732,0.189,3.0,11.7,7.4,4.7,1.0,0.5,13.8,15.3,,0.3,0.2,0.5,0.050,,,,,
Mark Tyndal,RE,31,39,977,11.0,0.546,0.031,0.592,7.1,18.2,12.7,17.8,2.5,0.4,31.6,7.8,,0.6,1.1,1.6,0.081,,,,,
Player,Tm,Age,G,MP,PER,TS%,3PAr,FTr,ORB%,DRB%,TRB%,AST%,STL%,BLK%,TOV%,USG%,Ws-dum,OWS,DWS,WS,WS/48,Bpm-dum,OBPM,DBPM,BPM,VORP
Tyler Uli,NA,21,1,36,10.6,0.382,0.235,0.000,2.8,12.5,7.4,38.9,4.0,0.0,19.0,24.5,,-0.1,0.1,0.0,-0.029,,,,,
Zeke Upsha,GR,25,34,739,8.5,0.515,0.734,0.166,2.5,12.3,7.3,5.6,1.0,0.8,8.6,13.5,,0.3,0.4,0.7,0.049,,,,,
Jarrod Uthof,RA,23,24,488,14.7,0.537,0.253,0.247,6.5,19.9,13.5,8.8,1.8,2.9,13.8,18.3,,0.4,0.9,1.3,0.127,,,,,
Jarrod Uthof,TOT,23,37,902,18.1,0.577,0.204,0.261,8.7,20.1,14.5,10.2,1.7,3.1,14.3,19.7,,1.4,1.3,2.8,0.147,,,,,
Jarrod Uthof,FO,23,11,349,23.5,0.629,0.148,0.244,11.4,20.9,16.1,12.4,2.0,3.9,14.3,21.2,,1.0,0.4,1.4,0.193,,,,,
Jarrod Uthof,TE,23,2,65,15.3,0.553,0.200,0.440,11.3,16.5,13.9,8.5,0.0,1.2,16.7,22.4,,0.1,0.0,0.1,0.049,,,,,
Robert Vade,ER,31,21,470,9.8,0.514,0.650,0.064,0.7,12.2,6.3,10.3,1.3,1.1,6.9,16.1,,0.3,0.3,0.6,0.059,,,,,
Robert Vade,WE,31,12,218,8.2,0.597,0.627,0.051,0.0,10.6,5.1,2.6,2.0,0.0,13.0,13.6,,0.1,0.1,0.2,0.051,,,,,
Robert Vade,TOT,31,33,688,9.3,0.537,0.644,0.060,0.5,11.7,6.0,7.9,1.5,0.7,8.7,15.3,,0.3,0.5,0.8,0.056,,,,,
Denzel Valentin,WC,23,3,118,24.6,0.709,0.696,0.161,5.3,22.8,13.9,31.5,2.1,0.7,24.1,28.5,,0.3,0.2,0.5,0.197,,,,,
Player,Tm,Age,G,MP,PER,TS%,3PAr,FTr,ORB%,DRB%,TRB%,AST%,STL%,BLK%,TOV%,USG%,Ws-dum,OWS,DWS,WS,WS/48,Bpm-dum,OBPM,DBPM,BPM,VORP
Fred VenVlee,RA,22,16,518,18.8,0.528,0.247,0.379,2.5,9.3,6.0,36.8,2.3,0.3,15.0,25.5,,1.1,0.7,1.8,0.164,,,,,
Rashad Vaugh,WE,20,3,50,19.6,0.591,0.567,0.100,2.2,20.7,11.2,3.7,1.0,0.0,11.3,30.1,,0.0,0.0,0.1,0.064,,,,,
Lorrenzo Wad,DE,31,15,422,12.9,0.531,0.149,0.257,6.0,9.6,7.8,6.7,2.1,0.9,11.3,18.5,,0.3,0.3,0.6,0.069,,,,,
Mardracus Wad,TOT,25,14,313,7.0,0.562,0.400,0.600,0.7,5.1,2.9,8.9,1.9,0.8,16.0,10.2,,0.2,0.1,0.3,0.047,,,,,
Mardracus Wad,SW,25,6,152,4.9,0.515,0.458,0.667,0.0,5.8,2.9,5.4,1.9,1.1,16.2,10.4,,0.0,0.1,0.0,0.006,,,,,
Mardracus Wad,IO,25,8,161,9.0,0.606,0.346,0.538,1.3,4.6,2.9,12.1,1.8,0.5,15.7,10.0,,0.2,0.1,0.3,0.085,,,,,
Von Wafe,DE,31,5,111,8.2,0.467,0.189,0.162,0.0,11.5,5.8,11.4,1.3,1.4,15.0,17.6,,-0.1,0.1,0.0,-0.010,,,,,
Von Wafe,WE,31,26,647,16.7,0.589,0.291,0.171,0.3,12.5,6.2,10.7,1.2,1.4,13.7,26.9,,0.4,0.4,0.8,0.059,,,,,
Von Wafe,TOT,31,31,758,15.5,0.576,0.280,0.170,0.3,12.3,6.2,10.8,1.2,1.4,13.9,25.5,,0.3,0.5,0.8,0.048,,,,,
Anthony Walke,FO,23,3,17,5.2,0.340,0.000,0.400,6.5,13.4,9.9,0.0,0.0,4.7,0.0,14.7,,0.0,0.0,0.0,-0.006,,,,,
Player,Tm,Age,G,MP,PER,TS%,3PAr,FTr,ORB%,DRB%,TRB%,AST%,STL%,BLK%,TOV%,USG%,Ws-dum,OWS,DWS,WS,WS/48,Bpm-dum,OBPM,DBPM,BPM,VORP
Henry Walke,SF,29,25,537,16.9,0.561,0.780,0.153,1.6,19.1,10.3,10.7,2.1,2.9,8.0,23.6,,0.7,0.8,1.5,0.131,,,,,
Chris Walke,RI,22,47,622,19.6,0.641,0.035,0.591,13.6,18.0,15.8,5.7,1.8,5.6,15.0,16.5,,1.6,0.7,2.3,0.176,,,,,
Devondrick Walke,WE,24,10,206,12.2,0.608,0.632,0.211,0.5,11.2,5.7,5.2,1.9,0.4,17.0,20.7,,0.1,0.1,0.2,0.053,,,,,
Devondrick Walke,TOT,24,48,1277,13.5,0.620,0.571,0.197,1.7,9.5,5.6,7.2,1.4,0.6,11.6,17.3,,2.2,0.7,2.9,0.109,,,,,
Devondrick Walke,DE,24,38,1071,13.8,0.622,0.558,0.194,1.9,9.1,5.6,7.6,1.3,0.7,10.4,16.7,,2.1,0.6,2.7,0.120,,,,,
Thomas Walku,WC,24,40,978,13.3,0.542,0.307,0.228,3.3,13.8,8.5,19.6,2.1,0.5,12.8,14.0,,1.3,1.1,2.4,0.118,,,,,
Tyrone Wallac,SL,22,38,1020,16.2,0.517,0.135,0.402,2.2,13.5,7.7,24.0,2.5,0.8,14.8,26.9,,0.0,1.2,1.2,0.058,,,,,
Alexis Wangmen,AU,27,2,4,-20.7,,,,0.0,0.0,0.0,0.0,12.3,0.0,100.0,22.0,,-0.1,0.0,0.0,-0.548,,,,,
Karrington War,OK,23,22,111,3.5,0.443,0.710,0.129,0.0,12.5,6.4,2.5,0.4,1.6,5.8,13.5,,-0.1,0.1,0.1,0.023,,,,,
Jameel Warne,TE,23,44,1286,22.7,0.601,0.002,0.300,11.9,17.2,14.6,7.2,1.6,3.1,8.0,21.8,,3.9,0.9,4.8,0.180,,,,,
Player,Tm,Age,G,MP,PER,TS%,3PAr,FTr,ORB%,DRB%,TRB%,AST%,STL%,BLK%,TOV%,USG%,Ws-dum,OWS,DWS,WS,WS/48,Bpm-dum,OBPM,DBPM,BPM,VORP
Wes Washpu,IO,23,34,869,10.0,0.469,0.382,0.272,1.4,8.8,5.1,22.1,2.1,2.0,14.7,13.9,,0.1,0.7,0.9,0.047,,,,,
Christian Watfor,RA,25,19,277,10.5,0.530,0.667,0.187,6.3,17.4,12.1,5.0,1.1,1.3,9.0,14.1,,0.3,0.4,0.7,0.124,,,,,
Christian Watfor,FO,25,20,325,10.9,0.528,0.684,0.296,2.7,13.7,8.1,8.0,2.0,1.7,13.3,16.7,,0.2,0.3,0.5,0.068,,,,,
Christian Watfor,TOT,25,39,602,10.7,0.529,0.676,0.249,4.4,15.4,9.9,6.6,1.6,1.5,11.5,15.5,,0.5,0.7,1.2,0.094,,,,,
Travis Wea,LO,26,42,1067,14.9,0.530,0.473,0.137,5.8,23.9,14.9,5.9,1.5,1.5,9.2,21.4,,0.7,1.1,1.8,0.079,,,,,
Eric Weary Jr,SF,23,4,17,26.8,0.901,0.714,0.429,0.0,31.0,15.5,0.0,0.0,0.0,19.4,24.7,,0.0,0.0,0.1,0.187,,,,,
James Webb II,DE,23,39,1357,14.1,0.561,0.476,0.216,6.4,22.0,14.3,4.8,1.8,1.7,11.8,16.0,,1.4,1.7,3.1,0.110,,,,,
Briante Webe,SF,24,31,1141,18.5,0.536,0.242,0.252,4.7,16.8,10.8,29.1,4.1,0.3,16.6,20.4,,1.3,2.0,3.2,0.136,,,,,
Negus Webster-Cha,RA,24,23,281,8.2,0.446,0.667,0.107,1.7,17.1,9.7,12.8,2.0,1.6,15.1,14.5,,-0.1,0.5,0.3,0.060,,,,,
Dez Well,OK,24,23,587,15.2,0.573,0.404,0.341,2.5,12.6,7.6,12.7,2.6,1.1,14.1,21.9,,0.5,1.0,1.5,0.120,,,,,
Player,Tm,Age,G,MP,PER,TS%,3PAr,FTr,ORB%,DRB%,TRB%,AST%,STL%,BLK%,TOV%,USG%,Ws-dum,OWS,DWS,WS,WS/48,Bpm-dum,OBPM,DBPM,BPM,VORP
Terry Whisnan,IO,24,45,1208,8.9,0.521,0.825,0.151,2.1,11.2,6.6,5.8,0.8,0.6,9.3,15.8,,0.4,0.6,1.0,0.040,,,,,
Okaro Whit,SF,24,23,759,15.3,0.561,0.384,0.348,8.0,19.9,13.9,7.9,1.5,1.4,16.0,24.1,,0.4,1.0,1.4,0.086,,,,,
Greg Whittingto,SF,23,9,270,13.4,0.605,0.530,0.020,3.1,16.8,9.9,9.8,1.5,1.8,15.1,17.9,,0.2,0.3,0.5,0.092,,,,,
Antwaine Wiggin,RA,28,39,731,17.5,0.604,0.192,0.284,8.5,10.7,9.6,5.8,1.7,1.9,10.5,18.9,,1.4,1.0,2.4,0.158,,,,,
C.J. Wilco,ER,26,4,103,17.0,0.627,0.538,0.051,0.0,18.5,9.1,13.1,2.4,2.5,14.9,19.9,,0.1,0.1,0.2,0.112,,,,,
Damien Wilkin,SW,37,48,1510,17.9,0.632,0.310,0.624,3.7,14.6,9.2,18.5,1.5,1.6,15.3,18.9,,3.6,1.0,4.6,0.146,,,,,
Alan William,NA,24,1,28,22.6,0.571,0.000,0.571,11.0,24.2,17.2,6.4,1.7,0.0,10.2,29.3,,0.1,0.0,0.1,0.178,,,,,
Amir William,IO,24,29,514,17.2,0.602,0.000,0.606,14.4,23.2,18.8,4.6,1.4,6.0,16.1,12.3,,0.9,0.8,1.7,0.156,,,,,
C.J. William,TE,26,50,1462,13.6,0.568,0.529,0.172,2.1,13.0,7.5,8.4,1.7,2.5,9.5,17.3,,1.9,0.8,2.6,0.087,,,,,
Coron William,MA,27,50,1098,9.0,0.539,0.765,0.053,2.1,6.9,4.6,9.9,0.8,0.5,9.3,14.6,,0.8,0.7,1.4,0.062,,,,,
Player,Tm,Age,G,MP,PER,TS%,3PAr,FTr,ORB%,DRB%,TRB%,AST%,STL%,BLK%,TOV%,USG%,Ws-dum,OWS,DWS,WS,WS/48,Bpm-dum,OBPM,DBPM,BPM,VORP
Devin William,SW,22,8,67,14.4,0.691,0.000,0.429,13.2,29.4,21.4,2.3,1.5,0.0,23.1,13.8,,0.1,0.1,0.2,0.112,,,,,
Jeremy William,SL,29,22,347,10.4,0.467,0.432,0.360,6.3,16.5,11.2,6.6,1.6,2.8,11.1,18.0,,-0.1,0.4,0.3,0.048,,,,,
Michael William,CA,25,43,778,9.5,0.520,0.525,0.166,0.4,10.2,5.3,16.0,1.5,0.3,13.4,14.5,,0.4,0.6,1.1,0.067,,,,,
Pendarvis William,MA,25,10,63,6.5,0.333,0.556,0.000,5.4,13.0,9.4,13.3,2.4,1.2,18.2,7.7,,0.0,0.1,0.1,0.045,,,,,
Prince William,SW,24,24,200,7.8,0.538,0.460,0.143,2.2,5.5,3.9,9.3,1.5,0.0,20.2,18.0,,-0.2,0.0,-0.1,-0.032,,,,,
Reggie William,OK,30,36,1188,17.7,0.595,0.418,0.196,3.0,12.5,7.9,17.1,1.3,0.1,11.2,22.6,,2.3,1.5,3.8,0.154,,,,,
Rodney William,SW,25,12,137,7.3,0.697,0.368,0.474,0.0,11.2,5.6,6.3,0.7,2.4,17.9,8.7,,0.1,0.1,0.2,0.058,,,,,
Troy William,RI,22,10,289,19.4,0.595,0.442,0.299,3.0,16.8,10.0,13.7,1.3,0.6,11.2,26.2,,0.7,0.1,0.9,0.144,,,,,
Troy William,IO,22,23,460,16.2,0.544,0.385,0.305,5.7,15.7,10.7,9.9,2.3,0.5,14.5,29.2,,0.0,0.5,0.5,0.048,,,,,
Troy William,TOT,22,33,749,17.4,0.563,0.407,0.303,4.7,16.1,10.4,11.4,1.9,0.5,13.3,28.1,,0.7,0.6,1.3,0.085,,,,,
Player,Tm,Age,G,MP,PER,TS%,3PAr,FTr,ORB%,DRB%,TRB%,AST%,STL%,BLK%,TOV%,USG%,Ws-dum,OWS,DWS,WS,WS/48,Bpm-dum,OBPM,DBPM,BPM,VORP
Kyle Wiltje,RI,24,22,789,15.2,0.557,0.573,0.176,4.2,15.2,9.7,6.9,0.7,1.9,9.8,22.9,,1.2,0.3,1.5,0.093,,,,,
Adam Woodbur,FO,23,24,301,10.0,0.502,0.033,0.361,9.6,22.4,15.9,5.4,1.1,1.6,15.5,11.8,,0.2,0.3,0.4,0.067,,,,,
Christian Woo,SW,21,18,540,23.5,0.572,0.194,0.388,9.2,27.5,18.4,6.5,0.7,7.1,11.8,27.7,,0.8,0.7,1.5,0.130,,,,,
Asaad Wood,NA,24,23,175,3.6,0.539,0.567,0.400,2.3,11.0,6.4,2.3,0.8,0.5,16.6,10.1,,0.0,0.1,0.1,0.039,,,,,
Scott Woo,SA,26,50,1512,14.1,0.655,0.793,0.216,0.8,12.7,6.9,5.7,1.2,0.4,8.7,16.2,,3.0,1.5,4.5,0.144,,,,,
Kameron Wood,OK,23,50,1276,7.1,0.469,0.365,0.225,3.1,16.0,9.7,8.1,1.4,2.0,20.3,10.3,,-0.7,2.0,1.3,0.048,,,,,
Chris Wrigh,OK,28,20,438,16.7,0.541,0.120,0.235,8.4,12.2,10.3,10.1,3.0,4.1,13.7,20.9,,0.2,0.9,1.1,0.123,,,,,
Delon Wrigh,RA,24,5,150,18.4,0.512,0.157,0.471,1.6,8.5,5.2,26.1,3.0,4.7,12.8,20.7,,0.2,0.3,0.5,0.157,,,,,
Keith Wrigh,WE,27,47,1257,14.8,0.554,0.043,0.194,12.1,17.0,14.5,6.1,1.5,2.2,12.2,14.5,,1.7,1.1,2.8,0.107,,,,,
Tony Wrote,TE,23,16,379,8.9,0.506,0.479,0.431,1.7,8.8,5.2,13.5,1.6,0.6,19.8,26.6,,-0.6,0.1,-0.5,-0.067,,,,,
Player,Tm,Age,G,MP,PER,TS%,3PAr,FTr,ORB%,DRB%,TRB%,AST%,STL%,BLK%,TOV%,USG%,Ws-dum,OWS,DWS,WS,WS/48,Bpm-dum,OBPM,DBPM,BPM,VORP
Guerschon Yabusel,MA,,2,54,25.9,0.830,0.353,0.706,18.9,20.8,19.9,6.6,0.9,0.0,28.8,25.5,,0.2,0.1,0.3,0.227,,,,,
Gabe Yor,ER,23,44,1436,16.1,0.560,0.516,0.181,1.7,12.7,7.1,18.6,2.0,0.4,11.2,21.2,,1.9,1.2,3.1,0.103,,,,,
Joe Youn,FO,24,2,49,12.9,0.459,0.409,0.091,0.0,9.3,4.6,27.3,3.0,3.2,17.9,24.1,,0.0,0.1,0.0,0.006,,,,,
Nick Zeislof,FO,24,47,694,13.5,0.578,0.809,0.138,2.2,7.2,4.7,3.8,1.1,0.8,5.4,19.3,,1.3,0.2,1.6,0.108,,,,,
Stephen Zimmerma,ER,20,21,627,15.2,0.512,0.004,0.315,8.0,25.0,16.4,8.0,1.9,3.7,15.1,22.5,,-0.3,0.9,0.7,0.052,,,,,
Paul Zipse,WC,22,3,106,11.6,0.484,0.275,0.425,10.9,18.2,14.5,9.5,0.5,3.1,18.8,23.5,,-0.1,0.1,0.0,0.017,,,,,
Ivica Zuba,LO,19,14,421,15.9,0.626,0.068,0.217,7.3,26.4,16.9,6.5,0.3,2.7,20.3,21.6,,0.3,0.4,0.6,0.071,,,,,