Rk,NBA_Player,Pos,NBA_Age,NBA_Tm,NBA_G,NBA_MP,NBA_PER,NBA_TS%,NBA_3PAr,NBA_FTr,NBA_ORB%,NBA_DRB%,NBA_TRB%,NBA_AST%,NBA_STL%,NBA_BLK%,NBA_TOV%,NBA_USG%,,NBA_OWS,NBA_DWS,NBA_WS,NBA_WS/48,,NBA_OBPM,NBA_DBPM,NBA_BPM,NBA_VORP
1,Alex Abrines\abrinal01,SG,24,OKC,42,627,8.4,0.556,0.695,0.182,3.0,9.6,6.2,3.3,1.8,0.3,10.3,12.8,,0.5,0.6,1.1,0.088,,-1.2,-1.6,-2.8,-0.1
2,Quincy Acy\acyqu01,PF,27,BRK,44,860,6.9,0.510,0.773,0.218,3.5,18.7,11.1,4.0,0.8,1.1,14.9,14.7,,-0.3,0.8,0.4,0.025,,-3.1,-0.6,-3.7,-0.4
3,Steven Adams\adamsst01,C,24,OKC,43,1378,21.6,0.639,0.005,0.343,17.7,13.7,15.8,4.5,1.9,2.9,12.9,16.6,,4.1,1.8,5.9,0.206,,2.5,0.9,3.4,1.9
4,Bam Adebayo\adebaba01,C,20,MIA,39,777,16.7,0.612,0.022,0.497,9.4,18.4,13.9,11.9,1.6,2.5,14.2,14.9,,1.7,1.0,2.7,0.169,,-0.3,2.1,1.7,0.7
5,Arron Afflalo\afflaar01,SG,32,ORL,35,453,4.8,0.487,0.400,0.200,0.7,9.7,5.2,5.1,0.2,0.9,9.2,11.5,,-0.1,0.0,0.0,-0.004,,-4.3,-1.9,-6.2,-0.5
6,Cole Aldrich\aldrico01,C,29,MIN,11,25,11.7,0.457,0.000,0.571,9.2,19.0,14.0,5.5,4.0,0.0,10.2,17.3,,0.0,0.0,0.0,0.063,,-3.5,-0.2,-3.7,0.0
7,LaMarcus Aldridge\aldrila01,C,32,SAS,48,1634,23.6,0.558,0.086,0.296,10.9,16.9,13.9,10.3,0.8,2.8,7.1,28.6,,4.2,2.5,6.8,0.198,,2.1,0.1,2.2,1.8
8,Jarrett Allen\allenja01,C,19,BRK,40,685,15.4,0.589,0.037,0.337,10.4,18.2,14.3,4.4,1.2,3.7,13.7,15.6,,0.9,0.9,1.8,0.126,,-2.3,1.4,-0.8,0.2
9,Kadeem Allen\allenka01,PG,25,BOS,3,8,4.2,0.399,1.000,2.000,13.9,13.3,13.6,0.0,0.0,0.0,21.0,26.7,,0.0,0.0,0.0,-0.096,,-7.2,-8.2,-15.4,0.0
10,Tony Allen\allento01,SF,36,NOP,22,273,8.8,0.514,0.132,0.231,8.5,10.7,9.7,4.8,1.9,0.9,15.9,19.2,,-0.1,0.2,0.1,0.012,,-4.0,-1.7,-5.7,-0.3
11,Al-Farouq Aminu\aminual01,PF,27,POR,36,1083,12.4,0.544,0.576,0.125,4.5,20.8,12.8,5.2,1.5,1.8,10.1,14.9,,0.8,1.5,2.3,0.103,,-0.4,1.2,0.8,0.8
12,Justin Anderson\anderju01,SF,24,PHI,17,227,11.0,0.517,0.506,0.126,6.9,13.3,10.3,5.3,1.1,0.4,7.1,18.5,,0.2,0.2,0.4,0.085,,-1.2,-2.5,-3.6,-0.1
13,Kyle Anderson\anderky01,SF,24,SAS,43,1185,15.3,0.574,0.112,0.338,4.8,19.5,12.1,14.1,2.7,2.4,17.0,13.7,,1.3,2.4,3.7,0.149,,-0.9,4.4,3.5,1.7
14,Ryan Anderson\anderry01,PF,29,HOU,46,1301,12.1,0.577,0.708,0.175,6.3,16.1,11.2,5.1,0.8,1.1,8.8,14.4,,2.0,1.0,3.0,0.112,,0.7,-0.8,-0.1,0.6
15,Ike Anigbogu\anigbik01,C,19,IND,10,28,23.2,0.558,0.000,0.667,20.6,16.0,18.3,0.0,1.8,9.4,14.7,21.8,,0.1,0.0,0.1,0.176,,-3.9,-1.5,-5.3,0.0
16,Giannis Antetokounmpo\antetgi01,PF,23,MIL,43,1605,30.1,0.619,0.088,0.500,7.4,25.4,16.4,23.3,2.1,3.0,10.5,31.4,,6.5,2.0,8.5,0.253,,5.7,1.6,7.3,3.8
17,Carmelo Anthony\anthoca01,PF,33,OKC,47,1532,14.8,0.521,0.378,0.196,2.6,18.8,10.5,7.3,1.0,1.7,7.0,24.2,,1.7,1.7,3.4,0.107,,-1.0,-1.8,-2.9,-0.3
18,OG Anunoby\anunoog01,SF,20,TOR,47,1005,10.1,0.582,0.591,0.177,3.3,9.4,6.4,5.1,2.0,0.6,11.0,12.1,,0.9,1.1,2.1,0.099,,0.4,0.6,1.0,0.8
19,Ryan Arcidiacono\arcidry01,PG,23,CHI,5,54,7.5,0.680,1.000,0.400,0.0,4.1,2.0,16.9,0.9,0.0,14.5,5.6,,0.1,0.0,0.1,0.095,,-2.0,-3.2,-5.3,0.0
20,Trevor Ariza\arizatr01,SF,32,HOU,43,1538,12.1,0.591,0.742,0.137,1.8,13.5,7.6,6.6,2.1,0.4,8.2,13.7,,2.1,1.6,3.6,0.114,,1.3,0.5,1.8,1.5
21,Darrell Arthur\arthuda01,PF,29,DEN,7,50,-9.8,0.219,0.563,0.000,2.2,11.4,6.7,2.6,2.0,0.0,30.4,20.0,,-0.4,0.0,-0.3,-0.308,,-13.6,-2.3,-15.9,-0.2
22,Jamel Artis\artisja01,SG,25,ORL,5,55,0.8,0.246,0.294,0.176,2.0,12.0,7.0,9.7,0.0,0.0,0.0,14.5,,-0.1,0.0,-0.1,-0.130,,-8.1,-3.1,-11.1,-0.1
23,Omer Asik\asikom01,C,31,NOP,12,89,4.3,0.393,0.000,0.615,7.8,29.3,18.9,2.8,0.0,0.9,19.5,10.1,,-0.1,0.1,0.0,-0.011,,-7.9,-1.6,-9.5,-0.2
24,D.J. Augustin\augusdj01,PG,30,ORL,40,798,14.5,0.600,0.513,0.414,1.8,7.6,4.7,22.3,1.9,0.0,16.7,17.9,,1.3,0.3,1.6,0.099,,1.0,-2.4,-1.4,0.1
25,Luke Babbitt\babbilu01,SF,28,ATL,33,549,12.1,0.644,0.658,0.139,0.8,15.4,8.0,6.6,0.5,0.8,8.2,14.6,,0.9,0.2,1.1,0.097,,0.3,-2.4,-2.0,0.0
26,Dwayne Bacon\bacondw01,SG,22,CHO,31,457,4.7,0.421,0.278,0.122,0.2,20.9,10.4,6.2,1.0,0.4,11.0,12.9,,-0.5,0.5,0.0,-0.004,,-6.0,0.4,-5.6,-0.4
27,Ron Baker\bakerro01,SG,24,NYK,28,384,9.6,0.511,0.552,0.448,1.5,7.2,4.4,15.6,3.4,1.4,20.6,10.0,,0.1,0.4,0.6,0.070,,-1.3,1.1,-0.1,0.2
28,Lonzo Ball\balllo01,PG,20,LAL,36,1222,12.2,0.436,0.489,0.125,4.1,18.3,11.2,28.9,2.1,2.1,18.9,17.9,,-0.6,1.7,1.0,0.040,,-1.5,2.4,0.9,0.9
29,J.J. Barea\bareajo01,PG,33,DAL,48,1099,17.5,0.536,0.449,0.186,0.9,15.0,7.7,42.1,1.1,0.2,15.3,25.1,,1.5,0.7,2.2,0.096,,2.2,-1.8,0.4,0.7
30,Harrison Barnes\barneha02,PF,25,DAL,49,1705,16.2,0.541,0.250,0.256,3.5,18.8,10.9,9.9,1.0,0.6,8.3,24.4,,1.5,1.3,2.9,0.080,,-0.6,-0.9,-1.5,0.2
31,Will Barton\bartowi01,SG,27,DEN,47,1469,15.5,0.535,0.410,0.224,2.9,14.6,8.7,20.1,1.6,1.7,12.1,21.0,,1.8,1.3,3.1,0.103,,0.8,-0.2,0.6,1.0
32,Nicolas Batum\batumni01,SG,29,CHO,33,1028,12.6,0.509,0.399,0.202,2.3,12.3,7.2,23.1,1.6,0.9,16.1,18.0,,0.3,1.1,1.4,0.065,,-0.4,0.6,0.2,0.6
33,Jerryd Bayless\bayleje01,SG,29,PHI,35,870,8.0,0.550,0.561,0.179,1.8,7.6,4.8,8.1,1.3,0.6,13.7,15.0,,0.3,0.8,1.1,0.059,,-1.4,-0.9,-2.3,-0.1
34,Aron Baynes\baynear01,C,31,BOS,49,885,11.7,0.509,0.032,0.226,9.4,21.3,15.5,7.5,0.8,2.8,14.5,16.4,,0.3,1.6,1.9,0.104,,-4.2,2.1,-2.1,0.0
35,Kent Bazemore\bazemke01,SG,28,ATL,48,1359,14.9,0.544,0.400,0.297,1.7,14.9,8.3,19.8,3.1,2.2,17.3,22.2,,0.3,1.6,1.9,0.066,,-0.4,1.4,1.0,1.0
36,Bradley Beal\bealbr01,SG,24,WAS,48,1734,19.9,0.568,0.353,0.282,2.5,11.1,6.8,18.1,1.6,1.1,9.8,28.4,,3.3,1.5,4.8,0.133,,3.3,-1.2,2.1,1.8
37,Malik Beasley\beaslma01,SG,21,DEN,42,444,8.2,0.479,0.452,0.170,3.3,12.0,7.6,8.1,1.3,0.6,11.0,16.0,,-0.1,0.3,0.2,0.026,,-3.1,-2.0,-5.1,-0.4
38,Michael Beasley\beaslmi01,PF,29,NYK,43,853,19.9,0.579,0.100,0.244,7.4,20.7,14.2,12.2,1.1,2.5,14.8,28.9,,0.8,0.9,1.7,0.094,,-0.2,-0.8,-1.0,0.2
39,Marco Belinelli\belinma01,SG,31,ATL,47,1098,14.4,0.552,0.499,0.206,1.3,8.1,4.7,13.7,2.0,0.2,9.4,21.2,,1.2,0.5,1.8,0.078,,0.8,-2.5,-1.7,0.1
40,Jordan Bell\belljo01,C,23,GSW,38,546,19.5,0.673,0.023,0.229,10.3,19.3,15.2,16.7,2.3,5.7,20.9,14.6,,1.3,1.0,2.2,0.197,,1.1,4.1,5.2,1.0
41,DeAndre' Bembry\bembrde01,SF,23,ATL,18,311,4.6,0.447,0.227,0.239,2.5,12.5,7.5,12.1,2.1,2.3,27.0,18.8,,-0.8,0.3,-0.6,-0.090,,-7.2,0.7,-6.5,-0.4
42,Dragan Bender\bendedr01,PF,20,PHO,49,1095,6.5,0.513,0.697,0.083,1.5,15.5,8.4,7.7,0.5,2.2,17.0,12.3,,-0.4,0.4,0.0,0.000,,-2.7,-0.2,-2.9,-0.3
43,Davis Bertans\bertada01,PF,25,SAS,47,665,14.0,0.587,0.696,0.115,2.0,13.7,7.8,9.4,1.1,2.3,9.1,17.8,,0.9,1.0,1.9,0.135,,1.0,-0.2,0.8,0.5
44,Patrick Beverley\beverpa01,SG,29,LAC,11,334,12.6,0.530,0.504,0.143,5.3,9.5,7.4,14.3,2.8,1.3,16.5,19.7,,0.1,0.3,0.4,0.060,,0.4,0.5,0.9,0.2
45,Khem Birch\birchkh01,C,25,ORL,11,86,19.8,0.506,0.000,0.214,19.0,21.8,20.4,10.4,1.1,6.3,8.9,17.0,,0.2,0.1,0.3,0.157,,-0.8,2.3,1.5,0.1
46,Jabari Bird\birdja01,SG,23,BOS,4,22,6.1,0.403,0.500,1.250,0.0,9.7,4.9,6.2,2.3,0.0,0.0,12.6,,0.0,0.0,0.0,0.064,,-4.6,0.0,-4.6,0.0
47,Bismack Biyombo\biyombi01,C,25,ORL,47,874,13.9,0.569,0.005,0.505,10.8,24.0,17.4,4.5,0.5,5.9,17.7,13.5,,0.8,0.9,1.7,0.094,,-3.6,2.0,-1.6,0.1
48,Nemanja Bjelica\bjeline01,PF,29,MIN,36,567,13.6,0.620,0.482,0.137,4.0,18.2,11.0,6.8,1.8,0.6,12.3,15.9,,0.9,0.4,1.3,0.110,,0.9,-1.2,-0.3,0.2
49,Tarik Black\blackta01,C,26,HOU,34,343,13.3,0.560,0.089,0.500,14.1,20.0,17.0,3.5,1.8,4.5,19.7,17.3,,0.2,0.5,0.7,0.103,,-3.6,1.1,-2.6,0.0
50,Antonio Blakeney\blakean01,SG,21,CHI,11,163,8.0,0.457,0.364,0.247,1.9,11.5,6.6,6.8,0.6,0.0,8.6,25.1,,-0.2,0.1,-0.2,-0.052,,-5.0,-4.4,-9.4,-0.3
51,Eric Bledsoe\bledser01,PG,28,TOT,40,1255,17.9,0.544,0.353,0.344,2.6,11.0,6.8,21.6,3.5,1.7,15.6,27.5,,0.5,1.4,1.8,0.071,,0.8,-0.3,0.4,0.8
51,Eric Bledsoe\bledser01,PG,28,PHO,3,83,13.2,0.509,0.325,0.350,3.8,5.3,4.5,18.0,2.3,1.9,17.8,28.7,,-0.1,0.0,0.0,-0.017,,-2.2,-2.4,-4.6,-0.1
51,Eric Bledsoe\bledser01,PG,28,MIL,37,1172,18.2,0.546,0.355,0.343,2.6,11.4,7.0,21.8,3.6,1.6,15.4,27.4,,0.5,1.3,1.9,0.077,,1.0,-0.2,0.8,0.8
52,Vander Blue\blueva01,SG,25,LAL,5,45,-1.8,0.255,0.400,0.400,0.0,2.4,1.2,8.2,1.1,0.0,33.8,8.3,,-0.1,0.0,-0.1,-0.102,,-8.8,-1.3,-10.2,-0.1
53,Bogdan Bogdanovic\bogdabo01,SG,25,SAC,45,1215,14.0,0.588,0.411,0.172,1.5,10.3,5.8,17.2,1.7,0.9,15.3,19.1,,1.2,0.4,1.7,0.067,,0.7,-1.7,-1.0,0.3
54,Bojan Bogdanovic\bogdabo02,SF,28,IND,48,1464,12.5,0.582,0.462,0.201,1.0,10.9,6.0,6.8,1.2,0.1,9.7,18.5,,1.6,0.8,2.4,0.080,,0.5,-2.0,-1.5,0.2
55,Andrew Bogut\bogutan01,C,33,LAL,24,216,10.9,0.696,0.000,0.080,12.7,25.8,19.2,9.2,0.9,4.9,42.3,8.7,,0.1,0.3,0.4,0.091,,-3.8,3.6,-0.2,0.1
56,Joel Bolomboy\bolomjo01,PF,24,MIL,6,38,11.9,0.521,0.167,1.000,18.9,12.7,15.8,0.0,2.6,0.0,18.8,12.8,,0.0,0.0,0.1,0.081,,-2.9,-4.7,-7.7,-0.1
57,Devin Booker\bookede01,SG,21,PHO,39,1326,18.9,0.569,0.364,0.342,1.4,13.2,7.2,24.5,1.4,0.6,14.3,31.3,,1.9,0.5,2.4,0.088,,3.3,-2.1,1.1,1.1
58,Trevor Booker\booketr01,PF,30,TOT,38,693,16.0,0.567,0.068,0.321,10.8,19.4,15.1,12.5,1.2,1.6,14.3,18.1,,1.0,0.8,1.8,0.125,,-0.9,0.9,0.0,0.3
58,Trevor Booker\booketr01,PF,30,BRK,18,395,15.6,0.536,0.087,0.287,10.0,21.9,15.9,16.4,1.0,1.0,15.1,21.6,,0.3,0.4,0.7,0.084,,-1.4,0.8,-0.6,0.1
58,Trevor Booker\booketr01,PF,30,PHI,20,298,16.6,0.630,0.028,0.394,11.7,16.1,14.0,7.3,1.4,2.5,12.6,13.6,,0.7,0.4,1.1,0.178,,-0.2,1.1,0.9,0.2
59,Avery Bradley\bradlav01,SG,27,DET,39,1242,10.2,0.497,0.339,0.142,1.7,6.8,4.2,10.4,1.9,0.5,13.1,24.6,,-1.1,1.2,0.0,0.001,,-2.5,-1.3,-3.8,-0.6
60,Tony Bradley\bradlto01,C,20,UTA,8,28,10.1,0.337,0.091,0.182,16.0,29.0,22.4,5.4,0.0,0.0,0.0,19.3,,0.0,0.0,0.0,0.010,,-6.6,-3.7,-10.3,-0.1
61,Corey Brewer\breweco01,SF,31,LAL,45,571,8.6,0.510,0.301,0.316,2.6,11.3,6.9,7.9,3.0,1.0,17.1,13.8,,-0.2,0.7,0.5,0.045,,-3.8,1.2,-2.6,-0.1
62,Malcolm Brogdon\brogdma01,PG,25,MIL,44,1373,14.7,0.580,0.317,0.172,1.9,11.1,6.5,16.6,1.5,0.8,10.8,19.4,,2.1,0.7,2.7,0.096,,1.0,-1.9,-0.9,0.4
63,Aaron Brooks\brookaa01,PG,33,MIN,23,153,10.3,0.512,0.412,0.078,3.7,6.2,5.0,14.9,1.6,0.0,11.7,17.3,,0.1,0.0,0.2,0.047,,-0.6,-3.2,-3.8,-0.1
64,Dillon Brooks\brookdi01,SF,22,MEM,48,1326,8.8,0.563,0.373,0.186,2.3,10.3,6.3,6.7,1.4,0.9,13.5,14.6,,0.5,0.8,1.3,0.046,,-1.7,-0.5,-2.2,-0.1
65,Bobby Brown\brownbo02,PG,33,HOU,20,115,5.5,0.425,0.690,0.034,0.0,7.0,3.5,14.8,1.7,0.0,13.3,25.6,,-0.3,0.1,-0.2,-0.081,,-4.9,-4.4,-9.3,-0.2
66,Jaylen Brown\brownja02,SF,21,BOS,44,1380,13.1,0.547,0.398,0.296,3.8,15.3,9.7,7.5,1.8,1.1,11.9,20.8,,0.5,2.4,2.9,0.100,,-1.1,1.0,-0.1,0.7
67,Lorenzo Brown\brownlo01,PG,27,TOR,11,84,7.5,0.333,0.333,0.000,0.0,13.1,6.6,18.5,1.7,0.0,0.0,9.3,,0.0,0.1,0.1,0.055,,-3.7,0.0,-3.7,0.0
68,Sterling Brown\brownst02,SG,22,MIL,22,268,9.4,0.524,0.429,0.143,4.0,17.1,10.5,3.2,2.4,1.6,11.8,14.4,,0.0,0.3,0.3,0.046,,-3.1,-1.1,-4.2,-0.1
69,Nicolas Brussino\brussni01,SF,24,ATL,4,10,-4.7,0.000,1.000,0.000,0.0,34.4,17.0,0.0,0.0,0.0,0.0,8.8,,0.0,0.0,0.0,-0.177,,-13.6,-5.1,-18.7,0.0
70,Thomas Bryant\bryanth01,C,20,LAL,4,7,17.7,0.694,1.000,1.000,0.0,15.3,7.6,0.0,0.0,0.0,0.0,17.3,,0.0,0.0,0.0,0.184,,2.4,-7.4,-5.0,0.0
71,Reggie Bullock\bullore01,SF,26,DET,31,728,12.5,0.632,0.535,0.059,1.8,6.6,4.1,6.3,1.8,0.7,6.4,12.4,,1.2,0.7,1.9,0.123,,1.0,-0.1,0.9,0.5
72,Trey Burke\burketr01,PG,25,NYK,6,79,30.7,0.672,0.179,0.154,2.9,5.6,4.3,54.8,0.6,0.0,8.8,25.5,,0.5,0.0,0.5,0.321,,9.5,-6.2,3.4,0.1
73,Alec Burks\burksal01,SG,26,UTA,45,825,15.5,0.538,0.329,0.341,2.2,18.3,10.1,9.9,2.0,0.9,9.9,23.9,,0.6,1.0,1.5,0.090,,-1.6,-0.9,-2.5,-0.1
74,Jimmy Butler\butleji01,SG,28,MIN,45,1662,23.7,0.589,0.211,0.425,4.4,12.6,8.5,21.0,2.8,1.0,9.5,24.4,,5.5,1.4,6.9,0.200,,4.9,0.3,5.2,3.0
75,Dwight Buycks\buyckdw01,PG,28,DET,12,179,13.3,0.531,0.225,0.163,2.5,11.1,6.6,26.9,1.4,0.5,19.7,26.4,,-0.1,0.2,0.1,0.028,,-2.4,-1.8,-4.2,-0.1
76,Bruno Caboclo\cabocbr01,SF,22,TOR,2,7,-0.1,0.000,1.000,0.000,0.0,15.7,8.0,16.9,7.0,0.0,0.0,12.4,,0.0,0.0,0.0,-0.111,,-6.6,4.3,-2.2,0.0
77,Jose Calderon\caldejo01,PG,36,CLE,34,577,10.3,0.637,0.569,0.176,1.6,8.0,4.9,16.9,1.6,0.0,17.9,10.3,,0.9,0.1,1.0,0.083,,-0.1,-2.0,-2.1,0.0
78,Kentavious Caldwell-Pope\caldwke01,SG,24,LAL,40,1317,12.8,0.536,0.511,0.236,2.6,13.0,7.8,8.8,2.4,0.6,10.0,17.6,,0.9,1.5,2.4,0.087,,0.0,0.4,0.4,0.8
79,Isaiah Canaan\canaais01,PG-SG,26,TOT,17,376,14.3,0.547,0.479,0.355,1.7,10.3,5.9,27.8,1.9,0.2,15.7,18.7,,0.5,0.2,0.7,0.089,,0.8,-2.3,-1.5,0.0
79,Isaiah Canaan\canaais01,SG,26,HOU,1,4,-7.2,0.000,0.000,0.000,0.0,28.6,14.2,0.0,0.0,0.0,0.0,10.8,,0.0,0.0,0.0,-0.228,,-17.0,-4.2,-21.2,0.0
79,Isaiah Canaan\canaais01,PG,26,PHO,16,372,14.5,0.551,0.483,0.358,1.7,10.1,5.8,28.1,1.9,0.2,15.8,18.8,,0.6,0.2,0.7,0.092,,1.0,-2.3,-1.3,0.1
80,Clint Capela\capelca01,C,23,HOU,42,1120,25.4,0.669,0.003,0.386,13.7,32.2,22.9,7.0,1.4,5.5,13.3,20.2,,3.7,2.0,5.6,0.242,,0.6,2.6,3.3,1.5
81,DeMarre Carroll\carrode01,SF,31,BRK,44,1285,14.6,0.537,0.479,0.327,6.0,18.5,12.2,10.2,1.5,0.9,10.2,19.9,,1.4,1.4,2.7,0.101,,0.4,0.3,0.7,0.9
82,Vince Carter\cartevi01,SF,41,SAC,29,472,11.3,0.494,0.551,0.118,1.9,11.8,6.7,10.1,2.7,3.8,7.6,13.8,,0.2,0.4,0.6,0.059,,-1.4,1.2,-0.2,0.2
83,Michael Carter-Williams\cartemi01,PG,26,CHO,36,564,9.6,0.431,0.234,0.440,5.2,13.1,9.1,20.0,2.2,2.2,18.8,15.9,,-0.3,0.8,0.5,0.043,,-3.4,2.2,-1.1,0.1
84,Alex Caruso\carusal01,PG,23,LAL,17,223,7.6,0.505,0.268,0.195,2.4,8.2,5.2,17.3,1.7,0.4,21.2,10.7,,0.0,0.2,0.2,0.042,,-3.8,-0.6,-4.4,-0.1
85,Omri Casspi\casspom01,SF,29,GSW,37,594,16.6,0.661,0.111,0.340,4.7,23.1,14.7,9.5,1.2,2.4,13.1,15.8,,1.2,0.8,2.0,0.166,,-0.4,0.5,0.1,0.3
86,Willie Cauley-Stein\caulewi01,C,24,SAC,45,1226,17.6,0.526,0.024,0.331,7.0,22.0,14.2,13.4,1.9,3.2,11.2,21.8,,1.0,1.2,2.1,0.084,,-1.4,1.3,-0.1,0.6
87,Tyler Cavanaugh\cavanty01,PF,23,ATL,30,413,14.5,0.603,0.612,0.147,9.2,18.0,13.6,9.1,1.1,0.6,8.2,14.3,,0.9,0.3,1.2,0.136,,1.8,-1.4,0.4,0.2
88,Mario Chalmers\chalmma01,PG,31,MEM,44,999,10.9,0.490,0.428,0.309,1.0,13.4,7.2,21.7,2.9,0.8,16.5,19.3,,-0.3,1.1,0.8,0.041,,-1.9,0.2,-1.7,0.1
89,Tyson Chandler\chandty01,C,35,PHO,36,909,14.0,0.637,0.000,0.527,12.8,28.2,20.4,6.0,0.7,1.9,20.7,10.6,,1.4,0.7,2.1,0.111,,-1.3,1.0,-0.4,0.4
90,Wilson Chandler\chandwi01,SF,30,DEN,44,1366,9.9,0.521,0.383,0.206,5.3,14.1,9.7,9.3,0.8,1.3,14.4,14.6,,0.7,0.9,1.6,0.054,,-1.4,-0.2,-1.6,0.1
91,Marquese Chriss\chrisma01,PF,20,PHO,43,910,10.5,0.494,0.434,0.298,4.8,20.7,12.6,8.8,1.6,3.8,14.9,16.8,,-0.3,0.9,0.6,0.031,,-2.7,1.5,-1.2,0.2
92,Ian Clark\clarkia01,SG,26,NOP,42,670,7.7,0.493,0.483,0.156,0.9,8.6,4.9,10.4,1.0,0.6,9.1,15.8,,0.0,0.3,0.2,0.017,,-2.6,-2.4,-5.1,-0.5
93,Jordan Clarkson\clarkjo01,SG,25,LAL,48,1133,17.6,0.534,0.306,0.194,3.8,9.5,6.7,23.6,1.5,0.1,11.1,27.3,,1.3,0.8,2.1,0.090,,1.5,-2.3,-0.8,0.4
94,Gian Clavell\clavegi01,SG,24,DAL,7,64,7.6,0.530,0.833,0.111,1.7,10.8,6.1,6.8,1.6,0.0,9.6,15.0,,0.0,0.0,0.1,0.043,,-1.3,-1.8,-3.2,0.0
95,Antonius Cleveland\clevean01,SG,23,DAL,13,81,5.2,0.317,0.071,0.286,2.7,11.4,6.9,3.3,3.7,4.5,11.3,10.0,,-0.1,0.1,0.0,-0.004,,-7.2,4.6,-2.6,0.0
96,John Collins\collijo01,PF,20,ATL,42,933,21.1,0.625,0.042,0.370,14.3,22.2,18.2,8.0,1.4,4.5,13.3,19.4,,2.4,1.1,3.5,0.178,,0.9,1.4,2.3,1.0
97,Zach Collins\colliza01,C,20,POR,33,496,8.5,0.491,0.326,0.123,5.7,18.3,12.1,7.3,1.0,2.4,16.6,15.5,,-0.2,0.6,0.4,0.039,,-3.7,0.9,-2.7,-0.1
98,Kyle Collinsworth\colliky01,SF,26,DAL,8,81,11.3,0.592,0.100,0.800,5.4,21.4,13.2,10.4,2.5,0.0,18.2,9.3,,0.1,0.1,0.2,0.106,,-2.7,2.0,-0.8,0.0
99,Darren Collison\collida01,PG,30,IND,47,1421,18.8,0.611,0.319,0.232,2.1,7.9,5.0,25.0,2.3,0.6,11.0,17.5,,4.1,1.2,5.2,0.176,,3.2,-1.0,2.2,1.5
100,Nick Collison\collini01,PF,37,OKC,8,44,14.5,0.838,0.000,0.667,7.5,21.1,14.1,9.6,0.0,0.0,20.5,9.6,,0.1,0.0,0.2,0.177,,-0.7,-1.8,-2.5,0.0
101,Mike Conley\conlemi01,PG,30,MEM,12,373,15.9,0.520,0.458,0.393,0.0,8.5,4.2,22.7,1.6,0.7,8.4,26.3,,0.5,0.2,0.7,0.088,,1.3,-3.2,-1.9,0.0
102,Pat Connaughton\connapa01,SG,25,POR,49,985,10.6,0.568,0.554,0.124,2.2,10.2,6.3,9.3,0.6,1.2,9.3,13.9,,1.2,0.8,2.0,0.096,,-0.1,-0.6,-0.7,0.3
103,Quinn Cook\cookqu01,PG,24,GSW,10,103,10.2,0.543,0.483,0.034,2.4,9.0,6.0,19.9,0.0,0.0,9.2,13.8,,0.2,0.0,0.2,0.095,,-0.4,-3.9,-4.4,-0.1
104,Charles Cooke\cookech01,SG,23,NOP,6,18,1.2,0.338,0.500,0.250,0.0,0.0,0.0,7.5,2.7,0.0,10.1,24.1,,-0.1,0.0,-0.1,-0.179,,-9.0,-6.1,-15.1,-0.1
105,Jack Cooley\cooleja01,PF,26,SAC,1,2,48.8,0.532,0.000,2.000,0.0,59.4,28.7,62.9,0.0,0.0,0.0,42.2,,0.0,0.0,0.0,0.533,,12.7,5.7,18.3,0.0
106,Matt Costello\costema01,C,24,SAS,3,18,3.4,0.333,0.000,0.000,6.1,36.9,21.5,0.0,0.0,9.3,25.0,10.0,,0.0,0.0,0.0,0.021,,-12.6,1.7,-10.9,0.0
107,DeMarcus Cousins\couside01,C,27,NOP,48,1737,23.1,0.583,0.340,0.456,7.0,32.1,20.0,23.9,2.2,3.7,18.9,32.3,,1.9,2.9,4.9,0.134,,1.9,3.4,5.3,3.2
108,Robert Covington\covinro01,PF,27,PHI,43,1389,13.1,0.577,0.665,0.173,2.8,16.4,9.8,8.9,2.5,1.9,14.4,17.8,,0.9,2.2,3.2,0.110,,0.6,1.6,2.2,1.5
109,Allen Crabbe\crabbal01,SG,25,BRK,45,1304,10.7,0.535,0.651,0.191,1.3,14.9,8.0,9.3,1.0,1.0,10.0,18.1,,0.6,1.1,1.6,0.061,,-0.5,-0.4,-0.9,0.4
110,Torrey Craig\craigto01,SF,27,DEN,18,243,9.3,0.561,0.587,0.413,3.7,15.4,9.5,6.7,1.4,1.4,12.8,11.2,,0.2,0.2,0.4,0.083,,-1.7,-0.4,-2.1,0.0
111,Jamal Crawford\crawfja01,SG,37,MIN,49,926,14.8,0.528,0.407,0.181,1.0,6.0,3.5,20.2,1.4,0.6,10.5,24.5,,1.0,0.2,1.3,0.066,,0.8,-4.1,-3.3,-0.3
112,Jordan Crawford\crawfjo02,SG,29,NOP,2,37,16.0,0.643,0.357,0.000,6.3,2.9,4.5,36.7,0.0,2.3,22.2,21.3,,0.1,0.0,0.1,0.126,,1.4,-5.1,-3.7,0.0
113,Jae Crowder\crowdja01,SF,27,CLE,47,1193,10.4,0.540,0.509,0.237,3.8,10.7,7.3,6.2,1.6,0.7,9.2,15.3,,0.9,0.4,1.4,0.056,,-0.5,-1.4,-1.9,0.0
114,Dante Cunningham\cunnida01,SF,30,NOP,47,1023,8.7,0.525,0.480,0.157,5.2,14.0,9.8,3.2,1.2,1.3,5.6,9.9,,0.7,0.7,1.4,0.065,,-1.6,-0.3,-1.9,0.0
115,Stephen Curry\curryst01,PG,29,GSW,34,1121,28.8,0.672,0.577,0.370,2.3,14.2,8.8,31.1,2.4,0.3,12.6,31.0,,5.3,1.3,6.7,0.285,,10.1,-1.3,8.9,3.1
116,Troy Daniels\danietr01,SG,26,PHO,49,933,11.1,0.621,0.815,0.121,0.5,6.4,3.4,4.7,0.6,0.2,8.7,17.3,,1.4,0.0,1.4,0.071,,1.9,-4.1,-2.1,0.0
117,Anthony Davis\davisan02,PF,24,NOP,42,1525,28.4,0.630,0.103,0.449,8.1,23.6,16.1,11.6,1.5,4.9,8.3,27.7,,5.8,2.1,7.9,0.248,,3.3,1.4,4.7,2.6
118,Deyonta Davis\davisde01,C,21,MEM,35,432,17.4,0.626,0.000,0.280,10.4,22.2,16.3,7.1,1.1,4.9,13.7,16.2,,0.8,0.5,1.4,0.150,,-1.5,1.4,-0.1,0.2
119,Ed Davis\davised01,C,28,POR,49,918,15.9,0.594,0.000,0.429,14.8,26.6,20.8,3.9,1.2,3.0,15.8,12.8,,1.6,1.5,3.1,0.163,,-1.4,1.6,0.2,0.5
120,Dewayne Dedmon\dedmode01,C,28,ATL,29,677,16.3,0.602,0.227,0.182,9.3,28.8,18.9,10.0,0.8,2.9,15.3,18.2,,0.9,0.7,1.7,0.117,,-0.8,0.7,-0.1,0.3
121,Sam Dekker\dekkesa01,PF,23,LAC,44,640,10.8,0.503,0.284,0.226,5.0,15.1,10.1,6.2,1.6,0.9,10.3,15.8,,0.2,0.5,0.7,0.051,,-2.6,-0.6,-3.2,-0.2
122,Malcolm Delaney\delanma01,PG,28,ATL,40,770,9.4,0.509,0.427,0.296,1.0,10.6,5.7,20.7,1.5,0.3,17.2,16.6,,0.1,0.3,0.5,0.029,,-2.4,-1.9,-4.2,-0.4
123,Matthew Dellavedova\dellama01,PG,27,MIL,32,593,8.8,0.495,0.485,0.144,2.4,8.3,5.4,28.8,1.0,0.0,23.0,14.1,,0.2,0.1,0.4,0.029,,-2.2,-3.8,-6.0,-0.6
124,Luol Deng\denglu01,SF,32,LAL,1,13,5.6,0.500,0.000,0.000,0.0,0.0,0.0,10.1,3.7,0.0,33.3,9.7,,0.0,0.0,0.0,-0.018,,-7.3,-1.3,-8.6,0.0
125,DeMar DeRozan\derozde01,SG,28,TOR,47,1625,22.8,0.569,0.170,0.412,2.7,10.6,6.7,24.7,1.7,0.6,9.9,30.0,,4.8,1.7,6.5,0.192,,3.5,-0.7,2.8,2.0
126,Cheick Diallo\diallch01,PF,21,NOP,22,147,12.3,0.586,0.000,0.356,8.7,25.1,17.2,5.0,0.3,0.6,13.3,17.9,,0.2,0.1,0.3,0.090,,-4.0,-2.9,-6.9,-0.2
127,Gorgui Dieng\dienggo01,C,28,MIN,48,866,15.6,0.558,0.176,0.299,8.7,21.8,15.1,8.3,2.1,2.3,12.7,16.2,,1.2,0.9,2.1,0.119,,-0.3,0.9,0.6,0.6
128,Spencer Dinwiddie\dinwisp01,PG,24,BRK,48,1355,16.9,0.534,0.517,0.287,2.0,10.5,6.2,36.1,1.3,1.0,11.2,21.2,,2.9,1.1,3.9,0.139,,2.9,-1.3,1.6,1.2
129,Tyler Dorsey\dorsety01,SG,21,ATL,22,189,7.5,0.460,0.571,0.129,1.8,17.0,9.3,8.6,0.8,0.5,8.6,18.8,,-0.1,0.1,0.0,-0.009,,-3.7,-3.0,-6.7,-0.2
130,Damyean Dotson\dotsoda01,SG,23,NYK,21,176,10.3,0.535,0.442,0.096,2.6,14.4,8.7,7.3,0.9,0.5,6.9,14.6,,0.1,0.1,0.2,0.067,,-1.1,-2.0,-3.1,-0.1
131,Milton Doyle\doylemi01,SG,24,BRK,6,63,4.6,0.342,0.520,0.120,3.3,11.9,7.5,9.5,1.5,1.2,7.1,19.3,,-0.2,0.1,-0.1,-0.074,,-5.9,-1.2,-7.2,-0.1
132,Goran Dragic\dragigo01,PG,31,MIA,43,1379,16.1,0.531,0.286,0.261,2.5,12.3,7.5,26.0,1.4,0.6,13.2,26.8,,1.1,1.3,2.4,0.083,,0.6,-1.0,-0.4,0.6
133,Larry Drew\drewla02,PG,27,PHI,2,12,-14.3,0.000,0.500,0.000,9.4,0.0,4.5,10.1,0.0,0.0,20.0,17.7,,-0.1,0.0,-0.1,-0.354,,-13.7,-3.6,-17.2,0.0
134,Andre Drummond\drumman01,C,24,DET,44,1456,23.9,0.575,0.011,0.457,16.5,36.1,26.0,18.6,2.4,3.6,18.1,20.9,,3.1,3.2,6.3,0.207,,1.5,5.7,7.3,3.4
135,Jared Dudley\dudleja01,PF,32,PHO,23,308,11.4,0.557,0.638,0.224,2.4,13.9,8.1,21.6,2.0,0.8,14.7,10.3,,0.5,0.2,0.6,0.101,,-0.2,-0.3,-0.6,0.1
136,Kris Dunn\dunnkr01,PG,23,CHI,40,1185,15.1,0.483,0.191,0.139,1.9,15.1,8.3,35.3,3.4,1.3,17.2,25.3,,-0.8,1.6,0.8,0.034,,-1.2,1.7,0.5,0.7
137,Kevin Durant\duranke01,PF,29,GSW,41,1425,25.4,0.632,0.342,0.294,1.9,18.9,11.2,25.7,1.2,4.7,13.5,29.9,,4.2,2.0,6.2,0.210,,4.5,1.4,5.9,2.8
138,Jarell Eddie\eddieja01,SF,26,BOS,2,6,4.0,0.000,1.000,0.000,0.0,17.8,9.1,0.0,8.3,0.0,0.0,7.5,,0.0,0.0,0.0,-0.021,,-8.6,5.3,-3.4,0.0
139,Henry Ellenson\ellenhe01,PF,21,DET,18,120,9.1,0.463,0.404,0.053,2.7,31.0,16.5,8.1,1.3,0.0,13.4,24.9,,-0.2,0.2,-0.1,-0.027,,-6.2,-2.1,-8.2,-0.2
140,Wayne Ellington\ellinwa01,SG,30,MIA,48,1246,13.8,0.607,0.834,0.110,1.3,11.5,6.5,6.5,1.3,0.4,6.6,17.6,,1.9,1.1,3.0,0.116,,2.5,-1.8,0.7,0.8
141,Joel Embiid\embiijo01,C,23,PHI,36,1131,22.9,0.580,0.180,0.469,7.9,29.0,18.8,18.9,0.9,4.9,16.6,32.9,,1.6,2.1,3.7,0.156,,0.3,2.5,2.8,1.4
142,James Ennis\ennisja01,SF,27,MEM,41,968,12.3,0.625,0.385,0.345,5.6,11.5,8.5,7.0,1.4,1.0,13.2,12.5,,1.5,0.6,2.2,0.108,,0.0,-0.2,-0.2,0.4
143,Tyler Ennis\ennisty01,PG,23,LAL,29,333,10.0,0.430,0.269,0.148,2.5,11.3,6.9,23.6,1.7,1.2,9.4,16.1,,0.1,0.3,0.4,0.055,,-3.1,-0.7,-3.8,-0.1
144,Jawun Evans\evansja01,PG,21,LAC,38,701,7.3,0.412,0.205,0.197,1.3,10.8,6.1,18.7,2.4,0.7,13.9,18.7,,-0.9,0.6,-0.2,-0.017,,-4.5,-0.3,-4.8,-0.5
145,Tyreke Evans\evansty01,PG,28,MEM,45,1404,21.5,0.559,0.349,0.252,3.1,16.1,9.6,30.6,1.7,0.9,10.7,28.4,,3.0,1.2,4.2,0.144,,4.5,-0.6,3.9,2.1
146,Kenneth Faried\farieke01,PF,28,DEN,30,446,18.1,0.566,0.007,0.348,16.0,20.6,18.3,6.2,1.3,2.3,12.4,18.1,,0.9,0.5,1.4,0.148,,-0.8,-0.6,-1.5,0.1
147,Derrick Favors\favorde01,C,26,UTA,46,1293,18.5,0.581,0.056,0.311,10.0,19.0,14.4,8.6,1.4,3.1,11.2,19.1,,2.4,1.6,4.0,0.148,,-0.1,1.6,1.5,1.1
148,Kay Felder\feldeka01,PG,22,CHI,14,134,3.8,0.386,0.273,0.182,0.8,10.7,5.6,22.9,1.1,0.6,17.4,28.2,,-0.5,0.1,-0.5,-0.163,,-8.2,-3.1,-11.3,-0.3
149,Cristiano Felicio\feliccr01,C,25,CHI,26,342,10.4,0.622,0.000,0.438,7.9,14.2,11.0,6.8,0.6,1.3,18.2,12.0,,0.4,0.2,0.6,0.083,,-2.9,-0.2,-3.0,-0.1
150,Raymond Felton\feltora01,PG,33,OKC,48,818,14.3,0.507,0.377,0.080,2.3,11.9,7.0,23.6,1.7,0.9,11.6,20.1,,0.9,0.9,1.7,0.101,,-0.6,-1.6,-2.2,0.0
151,Terrance Ferguson\fergute01,SG,19,OKC,33,404,6.8,0.506,0.667,0.040,3.0,3.2,3.1,3.1,2.0,1.2,7.4,11.7,,0.2,0.4,0.5,0.065,,-1.7,-1.1,-2.9,-0.1
152,Yogi Ferrell\ferreyo01,SG,24,DAL,49,1415,11.6,0.570,0.495,0.175,1.5,12.1,6.7,12.0,1.3,0.3,10.5,16.1,,1.3,0.9,2.3,0.077,,0.1,-0.3,-0.2,0.6
153,Dorian Finney-Smith\finnedo01,PF,24,DAL,8,94,5.4,0.568,0.636,0.091,5.8,6.2,6.0,7.8,0.0,1.0,23.4,14.6,,0.0,0.0,0.0,-0.004,,-2.8,-2.0,-4.8,-0.1
154,Bryn Forbes\forbebr01,SG,24,SAS,51,1071,9.0,0.526,0.482,0.125,1.0,6.6,3.8,7.3,1.0,0.2,7.2,16.9,,0.4,1.1,1.5,0.068,,-1.1,-1.6,-2.7,-0.2
155,Evan Fournier\fournev01,SF,25,ORL,39,1279,15.5,0.576,0.395,0.215,1.6,9.2,5.4,14.5,1.4,0.8,11.0,23.4,,1.6,0.5,2.1,0.079,,1.6,-2.0,-0.4,0.5
156,De'Aaron Fox\foxde01,PG,20,SAC,41,1091,10.4,0.469,0.167,0.255,1.8,9.6,5.6,24.8,1.8,0.9,17.5,22.9,,-1.1,0.4,-0.7,-0.030,,-3.3,-1.8,-5.1,-0.9
157,Tim Frazier\fraziti01,PG,27,WAS,35,523,11.0,0.505,0.346,0.168,1.9,12.6,7.2,30.2,2.5,0.5,25.8,13.0,,0.2,0.6,0.8,0.073,,-2.4,-0.1,-2.5,-0.1
158,Channing Frye\fryech01,C,34,CLE,38,435,13.1,0.603,0.512,0.055,1.8,18.2,10.2,8.5,1.4,1.8,8.4,14.5,,0.6,0.3,0.9,0.096,,-0.5,-1.0,-1.5,0.1
159,Markelle Fultz\fultzma01,SG,19,PHI,4,76,3.7,0.372,0.000,0.444,4.4,8.2,6.4,13.1,1.3,1.1,15.7,21.4,,-0.2,0.1,-0.1,-0.082,,-8.5,-1.2,-9.8,-0.1
160,Danilo Gallinari\gallida01,SF,29,LAC,11,349,10.2,0.475,0.446,0.259,0.6,14.5,7.6,11.9,1.1,0.5,9.4,21.3,,-0.1,0.2,0.2,0.022,,-2.2,-1.7,-3.9,-0.2
161,Langston Galloway\gallola01,SG,26,DET,38,574,13.3,0.523,0.656,0.125,1.7,11.6,6.5,9.3,2.1,0.6,4.8,19.2,,0.6,0.7,1.2,0.101,,0.6,-1.3,-0.7,0.2
162,Marc Gasol\gasolma01,C,33,MEM,47,1619,17.6,0.530,0.287,0.341,4.2,24.5,14.3,20.1,1.0,4.0,14.0,26.2,,1.0,2.0,3.0,0.088,,-0.4,1.8,1.4,1.4
163,Pau Gasol\gasolpa01,C,37,SAS,48,1216,19.1,0.555,0.215,0.303,6.6,29.5,18.1,20.6,0.6,3.4,13.1,19.8,,2.1,2.3,4.4,0.173,,0.3,3.3,3.6,1.7
164,Rudy Gay\gayru01,PF,31,SAS,34,771,17.6,0.557,0.223,0.301,6.6,18.7,12.6,11.0,1.8,2.4,13.4,23.6,,0.7,1.4,2.1,0.131,,-0.6,1.3,0.7,0.5
165,Paul George\georgpa01,SF,27,OKC,45,1638,18.1,0.568,0.448,0.268,2.5,15.0,8.6,13.1,3.0,1.5,13.2,25.2,,2.3,2.5,4.9,0.143,,1.8,0.4,2.3,1.8
166,Marcus Georges-Hunt\georgma01,SG,23,MIN,30,181,5.2,0.467,0.359,0.410,3.8,3.9,3.9,5.1,1.1,0.0,6.1,12.0,,0.0,0.0,0.1,0.018,,-2.2,-2.8,-5.0,-0.1
167,Taj Gibson\gibsota01,PF,32,MIN,51,1718,15.9,0.608,0.064,0.257,8.9,17.5,13.1,5.8,1.3,1.9,10.3,14.5,,3.6,1.2,4.8,0.133,,1.3,0.5,1.8,1.6
168,Manu Ginobili\ginobma01,SG,40,SAS,37,759,13.6,0.567,0.429,0.252,1.7,10.2,6.0,18.3,1.7,1.3,17.1,21.2,,0.4,1.1,1.5,0.097,,-0.3,-0.2,-0.5,0.3
169,Rudy Gobert\goberru01,C,25,UTA,23,694,20.0,0.622,0.000,0.663,10.2,27.3,18.6,6.2,1.0,7.1,16.1,17.9,,1.2,1.2,2.4,0.169,,-1.8,3.8,2.0,0.7
170,Aaron Gordon\gordoaa01,PF,22,ORL,38,1285,16.9,0.550,0.394,0.275,5.2,21.6,13.4,10.0,1.3,1.6,10.5,23.9,,1.2,1.0,2.2,0.083,,0.5,-0.6,-0.1,0.6
171,Eric Gordon\gordoer01,SG,29,HOU,45,1471,15.3,0.568,0.611,0.263,1.4,7.0,4.2,12.9,1.0,0.9,11.1,25.8,,2.0,0.9,2.9,0.096,,1.4,-3.1,-1.6,0.1
172,Marcin Gortat\gortama01,C,33,WAS,48,1279,15.0,0.556,0.000,0.335,9.3,24.2,16.8,9.6,1.0,2.4,13.1,15.1,,1.6,1.6,3.2,0.121,,-1.4,1.9,0.5,0.8
173,Treveon Graham\grahatr01,SG,24,CHO,34,576,8.9,0.549,0.414,0.233,4.0,9.8,6.9,8.2,1.3,0.1,11.5,12.4,,0.5,0.5,1.0,0.081,,-1.1,-0.1,-1.2,0.1
174,Jerami Grant\grantje01,PF,23,OKC,47,957,13.5,0.564,0.252,0.420,5.5,15.2,10.2,5.3,1.1,4.2,10.6,15.0,,1.2,1.2,2.5,0.123,,-1.9,0.8,-1.2,0.2
175,Jerian Grant\grantje02,PG,25,CHI,49,1083,14.5,0.526,0.367,0.367,1.8,9.7,5.6,32.1,1.7,0.4,13.9,17.4,,1.6,0.7,2.3,0.102,,-0.2,-1.8,-2.0,0.0
176,Danny Green\greenda02,SG,30,SAS,40,1058,11.7,0.515,0.558,0.094,2.0,13.1,7.5,10.4,1.9,3.6,12.4,16.2,,0.0,1.9,1.9,0.086,,-1.1,2.6,1.5,0.9
177,Draymond Green\greendr01,PF,27,GSW,42,1361,17.2,0.574,0.442,0.305,4.1,21.4,13.5,29.4,1.9,3.2,21.8,16.9,,2.3,2.1,4.4,0.155,,1.3,2.8,4.1,2.1
178,Gerald Green\greenge01,SG,32,HOU,11,271,15.7,0.597,0.686,0.182,2.1,11.4,6.7,5.3,1.3,1.0,7.1,22.5,,0.5,0.2,0.7,0.126,,1.6,-3.1,-1.5,0.0
179,JaMychal Green\greenja01,PF,27,MEM,30,804,13.8,0.541,0.273,0.241,10.6,21.7,16.1,7.4,1.2,1.0,14.1,18.5,,0.6,0.8,1.4,0.081,,-1.2,-0.6,-1.8,0.0
180,Jeff Green\greenje02,PF,31,CLE,47,1050,16.6,0.596,0.238,0.402,5.0,12.3,8.7,9.0,1.3,1.5,9.7,20.2,,2.2,0.4,2.7,0.122,,0.3,-1.7,-1.5,0.1
181,Blake Griffin\griffbl01,PF,28,LAC,32,1101,20.5,0.551,0.325,0.388,4.7,20.4,12.6,26.5,1.3,0.7,13.3,29.7,,1.9,1.0,2.9,0.127,,3.1,0.0,3.1,1.4
182,Daniel Hamilton\hamilda02,SG,22,OKC,2,9,47.3,0.700,0.400,0.000,0.0,12.9,6.3,91.0,5.6,0.0,0.0,24.1,,0.1,0.0,0.1,0.663,,19.1,-2.4,16.7,0.0
183,Tim Hardaway\hardati02,SG,25,NYK,28,926,16.8,0.554,0.496,0.246,2.3,12.2,7.3,14.6,1.7,0.7,8.6,23.7,,1.5,0.7,2.2,0.113,,3.2,-1.5,1.7,0.9
184,James Harden\hardeja01,SG,28,HOU,40,1433,29.7,0.618,0.504,0.473,1.5,13.7,7.6,45.4,2.4,1.6,14.7,35.6,,6.8,1.8,8.6,0.287,,9.6,0.3,9.9,4.3
185,Maurice Harkless\harklma01,SF,24,POR,39,778,9.7,0.526,0.369,0.190,3.6,10.8,7.3,4.5,1.7,3.2,13.4,12.7,,0.1,1.0,1.1,0.068,,-2.4,2.0,-0.4,0.3
186,Montrezl Harrell\harremo01,C,24,LAC,42,648,21.9,0.621,0.008,0.427,9.9,18.5,14.2,7.7,1.4,3.4,10.9,22.2,,1.7,0.7,2.3,0.174,,0.4,0.0,0.4,0.4
187,Devin Harris\harride01,PG,34,DAL,40,730,13.5,0.552,0.442,0.407,1.2,10.6,5.8,16.0,2.1,0.9,12.6,21.9,,0.6,0.7,1.3,0.082,,-0.4,-0.9,-1.3,0.1
188,Gary Harris\harriga01,SG,23,DEN,44,1532,17.1,0.600,0.445,0.165,2.0,7.0,4.5,14.6,2.8,0.7,11.8,20.3,,2.8,1.4,4.2,0.130,,2.7,-0.8,2.0,1.5
189,Joe Harris\harrijo01,SG,26,BRK,47,1164,13.0,0.623,0.610,0.148,2.2,10.8,6.5,8.9,0.9,0.6,10.2,16.2,,1.8,0.8,2.6,0.105,,1.3,-1.0,0.3,0.7
190,Tobias Harris\harrito02,PF,25,DET,46,1504,17.1,0.565,0.386,0.189,2.5,15.6,8.9,10.1,1.1,0.9,6.3,23.0,,2.7,1.5,4.2,0.135,,1.7,-1.0,0.7,1.0
191,Andrew Harrison\harrian01,PG,23,MEM,40,859,11.1,0.513,0.344,0.396,2.1,9.3,5.7,17.9,1.7,1.8,14.8,18.3,,0.3,0.6,0.9,0.050,,-2.0,-0.7,-2.7,-0.2
192,Josh Hart\hartjo01,SG,22,LAL,43,833,9.9,0.554,0.526,0.230,2.3,14.3,8.2,6.7,1.7,0.9,9.3,12.0,,0.6,0.8,1.5,0.086,,-1.7,0.3,-1.4,0.1
193,Udonis Haslem\hasleud01,C,37,MIA,8,45,4.9,0.500,0.600,0.000,5.1,7.6,6.4,9.1,0.0,1.9,28.6,7.1,,0.0,0.0,0.0,0.023,,-4.2,-0.3,-4.6,0.0
194,Nigel Hayes\hayesni01,SF,23,LAL,1,1,0.0,,,,0.0,0.0,0.0,0.0,0.0,0.0,,0.0,,0.0,0.0,0.0,0.002,,-6.7,0.1,-6.5,0.0
195,Gordon Hayward\haywago01,SF,27,BOS,1,5,7.5,0.500,0.500,0.000,0.0,21.3,10.9,0.0,0.0,0.0,0.0,17.9,,0.0,0.0,0.0,0.064,,-5.9,-5.8,-11.7,0.0
196,Myke Henry\henrymy01,SF,25,MEM,4,76,5.4,0.345,0.636,0.273,3.0,13.9,8.4,7.7,4.0,4.9,19.6,18.4,,-0.3,0.1,-0.1,-0.086,,-6.8,3.1,-3.6,0.0
197,John Henson\hensojo01,C,27,MIL,46,1149,15.7,0.597,0.014,0.338,9.1,23.7,16.4,8.0,1.0,5.1,15.9,15.8,,1.4,1.3,2.7,0.112,,-1.8,1.7,-0.1,0.6
198,Juan Hernangomez\hernaju01,PF,22,DEN,18,213,9.5,0.519,0.686,0.216,7.3,14.9,11.1,5.2,0.9,1.2,11.1,12.8,,0.2,0.1,0.3,0.072,,-1.3,-1.6,-3.0,-0.1
199,Willy Hernangomez\hernawi01,C,23,NYK,23,222,16.6,0.593,0.051,0.308,11.5,20.4,16.1,15.2,1.6,2.4,22.7,22.8,,0.1,0.3,0.3,0.070,,-0.9,0.7,-0.2,0.1
200,Mario Hezonja\hezonma01,SF,22,ORL,40,691,11.3,0.538,0.441,0.114,3.3,15.6,9.4,8.1,1.9,0.8,13.2,18.7,,0.0,0.5,0.5,0.034,,-1.8,-1.0,-2.8,-0.1
201,Buddy Hield\hieldbu01,SG,24,SAC,46,1115,15.8,0.561,0.433,0.098,2.6,15.2,8.7,11.6,1.9,0.8,11.1,23.7,,0.9,0.6,1.5,0.064,,1.0,-2.0,-1.1,0.3
202,Nene Hilario\hilarne01,C,35,HOU,31,459,17.4,0.623,0.013,0.443,7.4,18.5,12.9,9.8,1.8,1.7,12.7,19.3,,1.1,0.6,1.6,0.169,,-1.0,0.3,-0.6,0.2
203,George Hill\hillge01,PG,31,SAC,38,1027,13.9,0.587,0.393,0.288,2.2,10.4,6.1,15.6,1.8,1.1,14.0,16.9,,1.3,0.4,1.7,0.080,,0.5,-1.1,-0.6,0.4
204,Darrun Hilliard\hillida01,SG,24,SAS,9,57,-2.4,0.210,0.364,0.182,0.0,7.8,3.9,9.3,1.8,0.0,20.2,11.8,,-0.2,0.1,-0.1,-0.108,,-9.1,0.2,-8.9,-0.1
205,Jrue Holiday\holidjr01,SG,27,NOP,48,1776,16.8,0.581,0.333,0.194,2.0,11.1,6.7,21.5,1.9,1.4,13.8,22.1,,2.5,1.4,3.8,0.104,,1.5,-0.4,1.1,1.4
206,Justin Holiday\holidju01,SG,28,CHI,48,1640,11.5,0.522,0.554,0.228,1.8,12.8,7.2,10.0,1.5,1.5,9.3,18.1,,0.6,1.3,1.9,0.055,,-0.5,0.1,-0.4,0.7
207,John Holland\hollajo02,SF,29,CLE,4,17,-1.2,0.375,0.500,0.000,0.0,13.0,6.6,0.0,0.0,0.0,20.0,13.1,,0.0,0.0,-0.1,-0.143,,-9.5,-5.2,-14.7,-0.1
208,Rondae Hollis-Jefferson\holliro01,SF,23,BRK,46,1301,17.2,0.550,0.085,0.423,5.4,19.0,12.1,13.8,1.4,1.8,11.5,22.3,,1.7,1.5,3.2,0.117,,-1.1,1.2,0.1,0.7
209,Richaun Holmes\holmeri01,C,24,PHI,24,367,14.9,0.549,0.159,0.190,8.3,22.7,15.8,11.0,1.2,2.3,9.3,17.4,,0.5,0.6,1.1,0.144,,-1.3,0.9,-0.5,0.1
210,Rodney Hood\hoodro01,SG,25,UTA,36,1017,14.6,0.538,0.482,0.167,1.4,10.6,5.9,10.5,1.4,0.6,10.0,27.7,,0.2,0.8,1.0,0.048,,0.2,-2.7,-2.6,-0.1
211,Al Horford\horfoal01,C,31,BOS,44,1437,18.8,0.598,0.320,0.150,5.0,20.7,13.0,26.1,0.9,2.7,14.8,17.9,,3.1,2.6,5.7,0.191,,1.9,3.2,5.0,2.6
212,Danuel House\houseda01,SG,24,PHO,12,148,9.8,0.496,0.457,0.370,4.3,14.1,9.1,5.9,1.3,0.0,8.5,16.7,,0.1,0.1,0.1,0.040,,-2.3,-2.6,-4.9,-0.1
213,Dwight Howard\howardw01,C,32,CHO,47,1442,19.1,0.560,0.004,0.738,12.1,32.5,22.2,7.4,1.1,4.7,17.9,23.9,,0.8,2.6,3.4,0.114,,-2.8,2.7,-0.1,0.7
214,Josh Huestis\huestjo01,PF,26,OKC,42,606,6.1,0.444,0.673,0.100,4.3,13.6,8.8,2.8,1.1,4.5,14.2,9.6,,-0.3,0.8,0.5,0.039,,-4.2,1.3,-2.9,-0.1
215,R.J. Hunter\hunterj01,SG,24,HOU,2,2,38.8,,,,0.0,57.3,28.4,100.0,0.0,0.0,,0.0,,0.0,0.0,0.0,0.575,,-2.4,-3.7,-6.0,0.0
216,Vince Hunter\huntevi01,PF,23,MEM,4,7,36.8,0.600,0.000,0.000,33.0,16.7,24.9,0.0,0.0,13.2,16.7,39.1,,0.0,0.0,0.0,0.115,,-3.1,-5.8,-8.9,0.0
217,Serge Ibaka\ibakase01,PF,28,TOR,42,1179,14.7,0.564,0.368,0.147,4.0,19.9,12.1,4.0,0.7,4.1,9.0,19.6,,1.2,1.7,2.8,0.116,,-0.9,0.5,-0.4,0.5
218,Andre Iguodala\iguodan01,SF,34,GSW,41,1055,10.5,0.499,0.349,0.297,4.2,11.7,8.3,16.0,1.5,1.8,15.1,11.5,,0.9,1.0,1.9,0.087,,-0.9,0.9,0.0,0.5
219,Ersan Ilyasova\ilyaser01,PF,30,ATL,37,955,15.1,0.560,0.418,0.213,7.9,17.3,12.5,7.7,1.8,1.0,9.3,18.2,,1.4,0.8,2.1,0.106,,0.8,-0.6,0.1,0.5
220,Joe Ingles\inglejo01,SF,30,UTA,49,1502,12.7,0.604,0.682,0.070,1.2,14.8,7.9,20.7,1.7,0.5,18.0,14.6,,1.6,1.5,3.1,0.099,,1.1,0.4,1.5,1.3
221,Brandon Ingram\ingrabr01,SF,20,LAL,44,1484,12.6,0.518,0.128,0.389,3.2,13.9,8.5,15.3,1.1,1.6,14.6,22.2,,0.1,1.4,1.5,0.047,,-2.5,0.2,-2.4,-0.1
222,Kyrie Irving\irvinky01,PG,25,BOS,46,1513,24.2,0.592,0.363,0.238,2.1,10.2,6.2,29.7,1.8,0.8,10.2,31.4,,4.5,2.3,6.8,0.216,,6.2,-0.4,5.8,3.0
223,Jonathan Isaac\isaacjo01,PF,20,ORL,15,284,9.6,0.482,0.243,0.243,4.6,17.1,10.8,5.4,1.7,4.1,15.5,14.8,,-0.2,0.3,0.1,0.019,,-4.7,1.6,-3.0,-0.1
224,Wesley Iwundu\iwundwe01,SF,23,ORL,29,384,9.8,0.508,0.209,0.187,3.7,12.6,8.1,11.3,1.3,0.4,9.2,12.3,,0.3,0.2,0.4,0.052,,-2.6,-0.7,-3.3,-0.1
225,Jarrett Jack\jackja01,PG,34,NYK,48,1284,11.7,0.486,0.184,0.157,1.4,12.4,7.1,32.7,1.2,0.2,19.8,16.7,,0.5,0.7,1.3,0.047,,-1.5,-1.4,-2.8,-0.3
226,Demetrius Jackson\jacksde01,PG,23,HOU,12,63,-0.6,0.286,0.429,0.000,7.2,12.7,9.9,10.6,3.1,1.4,41.7,16.5,,-0.3,0.1,-0.2,-0.166,,-9.9,2.1,-7.8,-0.1
227,Josh Jackson\jacksjo02,SF,20,PHO,47,1030,9.5,0.466,0.272,0.324,4.9,13.2,9.0,8.9,1.9,1.1,13.2,24.1,,-1.2,0.6,-0.6,-0.029,,-3.7,-1.5,-5.1,-0.8
228,Justin Jackson\jacksju01,SF,22,SAC,34,593,6.9,0.470,0.457,0.087,1.9,11.2,6.4,5.5,1.0,1.0,9.6,15.0,,-0.4,0.1,-0.2,-0.019,,-3.5,-2.2,-5.7,-0.6
229,Reggie Jackson\jacksre01,PG,27,DET,33,894,16.7,0.540,0.305,0.232,2.7,9.2,5.9,33.5,1.2,0.3,15.5,26.3,,1.1,0.7,1.8,0.097,,1.5,-2.0,-0.5,0.3
230,LeBron James\jamesle01,PF,33,CLE,47,1738,28.4,0.628,0.257,0.322,3.6,20.1,12.0,43.1,2.2,2.6,17.3,31.0,,6.0,1.7,7.6,0.211,,7.1,2.0,9.0,4.9
231,Mike James\jamesmi02,PG,27,PHO,32,669,14.4,0.476,0.311,0.269,1.9,12.7,7.2,29.1,1.9,0.8,12.3,25.2,,0.1,0.4,0.4,0.031,,-0.5,-1.6,-2.1,0.0
232,Al Jefferson\jeffeal01,C,33,IND,22,315,17.8,0.544,0.008,0.153,7.0,28.1,17.7,8.9,1.6,3.1,9.7,22.0,,0.3,0.5,0.8,0.122,,-2.8,0.5,-2.3,0.0
233,Richard Jefferson\jefferi01,SF,37,DEN,15,133,5.2,0.480,0.292,0.292,1.7,10.2,5.9,9.1,0.4,0.0,12.9,10.2,,0.0,0.0,0.1,0.018,,-4.3,-2.2,-6.5,-0.2
234,Jonas Jerebko\jerebjo01,PF,30,UTA,41,694,13.5,0.583,0.427,0.150,6.1,17.1,11.5,6.8,1.3,0.9,7.6,15.5,,1.2,0.7,1.8,0.126,,0.1,-0.6,-0.5,0.3
235,Amir Johnson\johnsam01,C,30,PHI,42,648,15.6,0.568,0.106,0.351,13.2,19.3,16.4,13.0,2.1,3.7,16.3,13.7,,1.1,1.2,2.2,0.165,,-0.2,3.5,3.3,0.9
236,Brice Johnson\johnsbr02,PF,23,LAC,9,38,21.6,0.673,0.091,0.182,5.8,31.8,18.9,4.2,7.7,4.4,25.2,18.1,,0.0,0.1,0.1,0.174,,-2.7,6.5,3.8,0.1
237,Dakari Johnson\johnsda04,C,22,OKC,21,127,16.2,0.559,0.000,0.400,9.5,12.8,11.1,9.4,2.0,4.4,8.9,15.4,,0.3,0.2,0.4,0.166,,-1.4,1.4,0.0,0.1
238,James Johnson\johnsja01,PF,30,MIA,40,1070,14.6,0.554,0.317,0.269,3.5,18.1,10.8,24.0,1.7,2.0,18.7,19.6,,0.8,1.4,2.2,0.097,,-0.6,1.5,0.9,0.8
239,Joe Johnson\johnsjo02,SF,36,UTA,28,617,9.0,0.485,0.362,0.116,2.0,15.6,8.7,10.2,0.9,0.7,11.8,17.4,,-0.3,0.5,0.2,0.014,,-3.5,-0.7,-4.2,-0.3
240,Stanley Johnson\johnsst04,SF,21,DET,35,958,8.2,0.472,0.488,0.260,2.1,13.4,7.6,7.5,2.3,0.6,10.0,14.3,,-0.1,1.2,1.0,0.052,,-2.3,1.2,-1.1,0.2
241,Tyler Johnson\johnsty01,PG,25,MIA,40,1174,13.1,0.549,0.460,0.200,2.1,12.0,7.0,11.6,1.3,1.8,10.0,18.9,,1.0,1.2,2.3,0.092,,-0.2,-0.2,-0.4,0.5
242,Wesley Johnson\johnswe01,SF,30,LAC,43,1061,10.4,0.521,0.493,0.188,2.0,14.7,8.4,5.6,2.4,3.8,13.3,13.9,,-0.1,1.3,1.3,0.057,,-2.0,2.5,0.5,0.7
243,Nikola Jokic\jokicni01,C,22,DEN,41,1278,22.3,0.572,0.285,0.304,9.7,27.8,18.7,26.1,1.9,2.0,15.8,23.5,,3.1,1.8,4.8,0.182,,3.2,2.5,5.7,2.5
244,Damian Jones\jonesda03,C,22,GSW,1,2,12.0,,,,61.3,0.0,27.9,0.0,0.0,0.0,,0.0,,0.0,0.0,0.0,0.321,,8.3,-6.1,2.3,0.0
245,Derrick Jones\jonesde02,SF,20,TOT,15,208,10.5,0.502,0.270,0.541,8.2,7.1,7.7,5.4,1.0,5.2,9.8,11.0,,0.2,0.2,0.4,0.088,,-2.4,1.8,-0.6,0.1
245,Derrick Jones\jonesde02,SF,20,PHO,6,33,18.6,0.678,0.500,1.500,6.4,6.7,6.5,12.4,1.5,9.7,13.1,9.8,,0.1,0.0,0.1,0.183,,0.5,3.8,4.3,0.1
245,Derrick Jones\jonesde02,SF,20,MIA,9,175,8.9,0.472,0.242,0.424,8.6,7.2,7.9,4.1,0.9,4.4,9.3,11.2,,0.1,0.2,0.3,0.070,,-3.0,1.4,-1.5,0.0
246,Jalen Jones\jonesja04,SF,24,TOT,5,22,8.3,0.595,0.200,0.400,0.0,14.8,7.7,0.0,0.0,0.0,0.0,11.8,,0.0,0.0,0.0,0.072,,-4.5,-5.3,-9.8,0.0
246,Jalen Jones\jonesja04,SF,24,NOP,4,19,5.2,0.512,0.250,0.500,0.0,17.2,8.9,0.0,0.0,0.0,0.0,11.3,,0.0,0.0,0.0,0.048,,-6.1,-5.3,-11.4,0.0
246,Jalen Jones\jonesja04,SF,24,DAL,1,3,28.2,1.000,0.000,0.000,0.0,0.0,0.0,0.0,0.0,0.0,0.0,15.3,,0.0,0.0,0.0,0.227,,5.7,-5.1,0.6,0.0
247,Tyus Jones\jonesty01,PG,21,MIN,51,933,13.6,0.565,0.379,0.237,1.5,9.9,5.6,20.0,3.3,0.2,14.1,12.1,,1.4,0.8,2.2,0.114,,0.7,-0.1,0.7,0.6
248,DeAndre Jordan\jordade01,C,29,LAC,43,1378,19.8,0.669,0.000,0.497,15.0,35.6,25.3,5.8,0.7,2.5,16.2,14.4,,3.6,1.9,5.5,0.192,,0.5,1.2,1.7,1.3
249,Cory Joseph\josepco01,PG,26,IND,49,1266,11.7,0.527,0.326,0.159,1.6,10.5,6.1,16.6,1.6,0.8,11.9,14.9,,1.1,0.9,2.0,0.076,,-0.8,-0.5,-1.2,0.3
250,Frank Kaminsky\kaminfr01,PF,24,CHO,44,1015,13.8,0.525,0.370,0.231,2.9,15.1,8.9,10.1,1.0,1.1,7.2,20.7,,0.9,1.0,1.9,0.091,,-0.4,-0.7,-1.1,0.2
251,Enes Kanter\kanteen01,C,25,NYK,47,1195,23.7,0.638,0.004,0.229,15.5,28.4,22.1,9.3,1.0,1.8,13.4,21.7,,3.6,1.4,5.0,0.202,,2.7,0.0,2.8,1.4
252,Luke Kennard\kennalu01,SG,21,DET,40,724,12.3,0.563,0.431,0.138,1.8,11.7,6.6,10.6,1.9,0.9,13.4,17.4,,0.4,0.8,1.2,0.081,,-1.2,-0.1,-1.3,0.1
253,Michael Kidd-Gilchrist\kiddgmi01,SF,24,CHO,40,1060,14.3,0.536,0.006,0.300,5.0,13.9,9.4,7.0,1.5,2.0,6.2,17.0,,1.3,1.2,2.5,0.115,,-1.5,1.3,-0.2,0.5
254,Sean Kilpatrick\kilpase01,SG,28,TOT,26,259,6.7,0.448,0.504,0.197,0.4,19.1,9.7,12.0,0.4,0.3,13.0,24.6,,-0.5,0.2,-0.3,-0.058,,-5.3,-3.3,-8.7,-0.4
254,Sean Kilpatrick\kilpase01,SG,28,BRK,16,183,5.4,0.419,0.488,0.221,0.6,19.8,10.1,12.7,0.5,0.4,14.5,25.8,,-0.5,0.1,-0.4,-0.094,,-6.7,-2.5,-9.2,-0.3
254,Sean Kilpatrick\kilpase01,SG,28,MIL,10,76,9.9,0.534,0.548,0.129,0.0,17.5,8.7,10.3,0.0,0.0,8.4,21.5,,0.0,0.0,0.0,0.029,,-2.1,-5.4,-7.4,-0.1
255,Maxi Kleber\klebima01,PF,26,DAL,43,765,13.0,0.563,0.364,0.169,6.4,13.9,10.0,6.1,1.1,3.4,7.1,13.5,,1.0,0.7,1.7,0.109,,-0.9,1.2,0.3,0.4
256,Furkan Korkmaz\korkmfu01,SG,20,PHI,6,32,4.3,0.349,0.667,0.167,7.0,13.0,10.2,8.6,1.5,0.0,7.2,18.4,,0.0,0.0,0.0,-0.017,,-4.3,-2.3,-6.6,0.0
257,Kyle Korver\korveky01,SG,36,CLE,47,1013,13.1,0.642,0.778,0.137,0.7,9.2,5.0,8.7,0.8,1.2,9.2,16.1,,1.8,0.1,2.0,0.093,,2.1,-2.8,-0.7,0.3
258,Kosta Koufos\koufoko01,C,28,SAC,45,832,16.0,0.546,0.000,0.249,11.3,25.4,18.1,9.4,1.9,2.2,12.6,14.6,,1.0,0.8,1.8,0.105,,-1.5,1.2,-0.3,0.4
259,Kyle Kuzma\kuzmaky01,PF,22,LAL,47,1438,15.1,0.559,0.399,0.209,4.5,16.2,10.3,10.0,0.9,1.1,11.1,22.9,,1.4,1.3,2.6,0.088,,0.3,-1.2,-0.9,0.4
260,Mindaugas Kuzminskas\kuzmimi01,SF,28,NYK,1,2,-41.6,0.000,0.000,0.000,0.0,0.0,0.0,0.0,0.0,0.0,0.0,44.1,,0.0,0.0,0.0,-1.061,,-37.0,-12.8,-49.8,0.0
261,Skal Labissiere\labissk01,PF,21,SAC,42,754,15.2,0.517,0.081,0.270,9.4,19.5,14.3,7.7,1.3,3.5,11.9,21.6,,0.4,0.6,0.9,0.058,,-2.7,-0.5,-3.1,-0.2
262,Jeremy Lamb\lambje01,SG,25,CHO,46,1175,17.6,0.550,0.292,0.280,2.7,16.6,9.6,15.2,1.4,1.4,8.4,23.3,,1.9,1.4,3.3,0.134,,1.1,0.2,1.3,1.0
263,Shane Larkin\larkish01,PG,25,BOS,36,412,9.4,0.505,0.409,0.191,1.6,9.6,5.7,14.7,1.5,0.4,11.4,15.3,,0.2,0.6,0.8,0.089,,-2.7,-0.2,-2.9,-0.1
264,Joffrey Lauvergne\lauvejo01,C,26,SAS,31,334,14.3,0.519,0.045,0.273,11.9,19.9,15.9,12.4,1.1,0.3,15.2,19.6,,0.2,0.5,0.7,0.102,,-2.1,0.1,-1.9,0.0
265,Zach LaVine\lavinza01,SG,22,CHI,7,151,13.7,0.486,0.371,0.225,1.4,21.9,11.4,18.4,1.3,0.0,10.1,31.6,,-0.1,0.1,0.0,-0.007,,-1.9,-2.5,-4.4,-0.1
266,Jake Layman\laymaja01,SF,23,POR,21,124,3.2,0.348,0.457,0.057,2.7,7.9,5.4,7.7,1.2,2.0,10.0,14.2,,-0.2,0.1,-0.1,-0.037,,-5.6,-0.3,-5.9,-0.1
267,T.J. Leaf\leaftj01,PF,20,IND,39,373,10.1,0.537,0.304,0.071,7.7,11.7,9.7,2.6,0.7,0.7,7.2,14.9,,0.3,0.2,0.5,0.069,,-1.7,-2.9,-4.6,-0.2
268,Courtney Lee\leeco01,SG,32,NYK,50,1649,14.3,0.574,0.356,0.165,1.8,9.7,5.8,12.6,2.0,0.6,10.1,17.5,,2.4,1.2,3.6,0.104,,1.8,-0.3,1.4,1.4
269,Alex Len\lenal01,C,24,PHO,42,872,19.3,0.612,0.000,0.581,13.8,28.7,21.1,9.3,0.8,3.4,15.6,16.6,,2.0,0.8,2.8,0.156,,-0.3,1.3,1.0,0.7
270,Kawhi Leonard\leonaka01,SF,26,SAS,9,210,26.5,0.572,0.315,0.342,3.2,19.0,11.1,18.4,4.4,3.6,11.1,30.9,,0.4,0.5,0.9,0.207,,3.0,3.4,6.4,0.4
271,Meyers Leonard\leoname01,C,25,POR,17,152,19.3,0.688,0.294,0.157,5.2,22.3,13.9,9.8,1.0,0.0,8.4,17.3,,0.5,0.2,0.7,0.215,,2.1,-1.2,0.9,0.1
272,Jon Leuer\leuerjo01,PF,28,DET,8,136,8.7,0.505,0.083,0.417,5.7,21.4,13.3,5.3,0.4,1.9,15.8,16.5,,0.0,0.1,0.1,0.044,,-5.7,-0.3,-6.0,-0.1
273,Caris LeVert\leverca01,SF,23,BRK,47,1253,13.3,0.509,0.345,0.271,3.2,12.6,7.8,25.6,2.2,0.9,17.3,22.4,,-0.1,1.3,1.2,0.048,,-0.9,0.6,-0.3,0.5
274,DeAndre Liggins\liggide01,SG,29,TOT,34,515,5.8,0.471,0.535,0.070,1.4,10.7,6.0,7.7,2.7,1.9,17.0,7.8,,-0.2,0.5,0.3,0.028,,-3.1,1.2,-1.9,0.0
274,DeAndre Liggins\liggide01,SG,29,MIL,31,480,5.0,0.424,0.554,0.077,1.2,11.1,6.1,7.4,2.8,1.8,17.2,7.7,,-0.3,0.5,0.2,0.016,,-3.6,1.3,-2.2,0.0
274,DeAndre Liggins\liggide01,SG,29,NOP,3,35,16.5,1.000,0.333,0.000,3.3,6.2,4.8,12.1,1.4,2.4,14.3,8.8,,0.1,0.0,0.1,0.191,,3.2,-1.1,2.1,0.0
275,Damian Lillard\lillada01,PG,27,POR,42,1536,23.5,0.587,0.430,0.343,2.3,11.8,7.1,30.5,1.3,0.8,12.6,29.9,,4.8,1.5,6.3,0.196,,6.3,-0.9,5.4,2.9
276,Jeremy Lin\linje01,PG,29,BRK,1,25,16.3,0.597,0.167,0.583,0.0,0.0,0.0,27.6,0.0,0.0,16.6,31.0,,0.1,0.0,0.1,0.104,,-2.8,-9.9,-12.7,-0.1
277,Shaun Livingston\livinsh01,PG,32,GSW,42,662,11.5,0.539,0.010,0.186,3.9,8.4,6.3,16.8,1.2,1.7,13.9,16.1,,0.6,0.5,1.2,0.084,,-2.2,-1.0,-3.3,-0.2
278,Kevon Looney\looneke01,C,21,GSW,39,435,13.4,0.621,0.000,0.506,11.6,15.8,13.9,6.1,1.1,4.5,17.2,11.7,,0.7,0.6,1.3,0.139,,-0.9,1.5,0.5,0.3
279,Brook Lopez\lopezbr01,C,29,LAL,40,842,15.8,0.532,0.420,0.214,5.5,14.4,9.9,12.0,1.0,5.2,12.2,25.4,,0.3,1.0,1.4,0.078,,-0.6,0.4,-0.2,0.4
280,Robin Lopez\lopezro01,C,29,CHI,49,1376,15.1,0.557,0.013,0.144,8.4,10.3,9.3,12.2,0.4,2.6,13.7,20.7,,1.2,0.7,1.9,0.067,,-1.4,-0.1,-1.5,0.2
281,Kevin Love\loveke01,C,29,CLE,46,1311,23.0,0.611,0.433,0.378,8.1,29.1,18.8,9.5,1.2,1.3,9.5,25.6,,4.0,1.2,5.2,0.189,,2.8,-1.8,1.0,1.0
282,Kyle Lowry\lowryky01,PG,31,TOR,44,1449,18.6,0.584,0.606,0.284,2.8,16.9,10.0,29.4,1.8,0.4,16.1,22.2,,3.3,1.9,5.2,0.171,,4.5,0.6,5.0,2.6
283,Timothe Luwawu-Cabarrot\luwawti01,SF,22,PHI,41,688,8.5,0.542,0.590,0.238,2.1,7.9,5.1,9.0,0.8,0.5,11.6,17.5,,0.4,0.5,0.9,0.066,,-1.3,-2.4,-3.7,-0.3
284,Tyler Lydon\lydonty01,PF,21,DEN,1,2,0.0,,,,0.0,0.0,0.0,0.0,0.0,0.0,,0.0,,0.0,0.0,0.0,-0.005,,-5.9,-0.4,-6.3,0.0
285,Trey Lyles\lylestr01,PF,22,DEN,43,878,18.8,0.621,0.407,0.283,4.4,23.4,13.8,8.6,1.2,1.6,9.5,20.4,,2.0,0.9,2.9,0.160,,1.2,-1.2,0.0,0.4
286,Shelvin Mack\macksh01,PG,27,ORL,34,562,11.9,0.486,0.271,0.318,1.9,11.0,6.4,28.8,1.6,0.6,16.0,13.5,,0.5,0.3,0.8,0.066,,-2.1,-1.5,-3.6,-0.2
287,Josh Magette\magetjo01,PG,28,ATL,9,69,17.1,0.631,0.429,0.429,1.6,8.3,4.9,36.7,1.4,0.0,10.7,11.9,,0.3,0.0,0.3,0.201,,1.1,-4.5,-3.4,0.0
288,Ian Mahinmi\mahinia01,C,31,WAS,46,657,11.0,0.601,0.000,0.590,12.5,16.1,14.3,6.9,1.7,3.2,27.2,13.5,,0.4,0.8,1.3,0.092,,-2.3,2.2,-0.1,0.3
289,Thon Maker\makerth01,C,20,MIL,47,847,9.7,0.491,0.313,0.313,7.3,16.0,11.6,5.1,1.5,4.0,12.9,13.8,,0.1,0.8,0.9,0.050,,-3.0,0.5,-2.5,-0.1
290,Boban Marjanovic\marjabo01,C,29,DET,18,157,19.4,0.591,0.000,0.586,8.4,27.4,17.6,13.3,1.0,3.4,20.0,31.1,,0.1,0.2,0.3,0.106,,-3.8,0.4,-3.4,-0.1
291,Lauri Markkanen\markkla01,PF,20,CHI,46,1385,15.7,0.550,0.497,0.180,3.7,24.2,13.7,7.1,0.9,1.7,7.9,22.0,,1.2,1.3,2.5,0.086,,-0.2,-1.0,-1.2,0.3
292,Jarell Martin\martija01,PF,23,MEM,45,849,11.2,0.529,0.196,0.217,7.5,14.8,11.1,4.6,1.5,3.5,13.2,16.3,,0.3,0.9,1.1,0.064,,-3.0,0.5,-2.5,-0.1
293,Frank Mason\masonfr01,PG,23,SAC,29,539,12.4,0.483,0.215,0.315,2.7,10.8,6.6,23.9,1.4,0.7,14.3,22.1,,0.0,0.1,0.1,0.011,,-2.2,-2.5,-4.7,-0.4
294,Mangok Mathiang\mathima01,C,25,CHO,3,10,-1.5,0.000,0.000,0.000,10.6,54.2,32.1,0.0,0.0,0.0,0.0,8.6,,0.0,0.0,0.0,-0.078,,-15.6,-4.9,-20.5,0.0
295,Wesley Matthews\matthwe02,SF,31,DAL,49,1689,11.4,0.548,0.570,0.158,1.2,9.3,5.1,12.5,1.6,0.5,10.7,17.5,,0.9,1.2,2.1,0.060,,0.4,-0.4,0.1,0.9
296,Luc Mbah a Moute\mbahalu01,PF,31,HOU,30,766,9.1,0.569,0.524,0.205,2.2,12.9,7.5,5.1,2.3,1.5,18.1,12.5,,0.0,0.9,0.9,0.059,,-2.1,1.4,-0.7,0.2
297,James Michael McAdoo\mcadoja01,PF,25,PHI,3,18,7.6,0.508,1.000,0.286,0.0,11.6,6.0,0.0,0.0,4.6,11.3,21.0,,0.0,0.0,0.0,0.024,,-4.2,-4.5,-8.7,0.0
298,Patrick McCaw\mccawpa01,SG,22,GSW,44,714,9.0,0.521,0.371,0.157,2.6,7.3,5.2,10.8,2.2,0.8,13.7,12.1,,0.3,0.7,0.9,0.064,,-1.5,-0.3,-1.9,0.0
299,C.J. McCollum\mccolcj01,SG,26,POR,48,1742,17.7,0.550,0.319,0.166,1.9,10.2,6.1,15.6,1.4,0.8,8.6,26.0,,2.9,1.6,4.5,0.123,,2.0,-1.1,0.9,1.3
300,T.J. McConnell\mccontj01,PG,25,PHI,39,977,13.7,0.572,0.160,0.104,2.6,12.1,7.5,27.3,2.6,0.9,22.3,14.6,,0.9,1.4,2.3,0.113,,-1.1,1.1,-0.1,0.5
301,Chris McCullough\mcculch01,PF,22,WAS,14,76,16.1,0.460,0.184,0.263,8.8,22.0,15.4,4.3,0.0,5.7,0.0,24.5,,0.0,0.1,0.1,0.087,,-4.1,-2.2,-6.3,-0.1
302,Doug McDermott\mcderdo01,SF,26,NYK,50,1091,10.2,0.576,0.428,0.155,2.9,9.7,6.4,6.1,0.4,0.9,9.2,14.5,,1.2,0.3,1.5,0.068,,0.1,-1.8,-1.8,0.1
303,JaVale McGee\mcgeeja01,C,30,GSW,34,268,20.5,0.645,0.045,0.281,10.5,14.9,12.9,8.5,1.6,6.7,12.3,18.6,,0.7,0.4,1.1,0.195,,0.3,1.8,2.2,0.3
304,Alfonzo McKinnie\mckinal01,SF,25,TOR,10,38,8.2,0.630,0.556,0.333,0.0,17.3,8.8,3.7,1.3,2.1,22.5,15.2,,0.0,0.1,0.0,0.052,,-3.6,-0.2,-3.8,0.0
305,Ben McLemore\mclembe01,SG,24,MEM,28,473,9.4,0.517,0.426,0.160,3.2,9.9,6.5,8.5,1.6,1.2,11.7,19.8,,0.0,0.3,0.3,0.030,,-2.1,-1.8,-3.9,-0.2
306,Josh McRoberts\mcrobjo01,PF,30,DAL,2,6,-12.7,0.000,1.000,0.000,0.0,0.0,0.0,0.0,0.0,0.0,0.0,7.6,,0.0,0.0,0.0,-0.193,,-9.4,-2.3,-11.7,0.0
307,Jodie Meeks\meeksjo01,SG,30,WAS,45,704,10.2,0.510,0.536,0.310,1.6,10.3,5.9,7.7,1.4,0.1,8.4,18.5,,0.3,0.5,0.8,0.055,,-1.5,-2.3,-3.7,-0.3
308,Salah Mejri\mejrisa01,C,31,DAL,44,529,18.3,0.662,0.021,0.500,12.8,26.7,19.5,6.8,1.4,8.6,18.7,12.5,,1.1,1.0,2.1,0.189,,-1.7,5.4,3.8,0.8
309,Jordan Mickey\mickejo01,PF,23,MIA,16,231,10.8,0.513,0.164,0.239,7.0,28.2,17.7,6.1,0.7,2.6,15.9,17.4,,-0.1,0.3,0.3,0.053,,-5.4,0.2,-5.3,-0.2
310,Khris Middleton\middlkh01,SF,26,MIL,47,1748,17.3,0.573,0.343,0.256,1.4,15.5,8.4,18.7,1.7,0.4,11.2,24.7,,2.7,1.1,3.8,0.106,,1.8,-1.7,0.1,0.9
311,C.J. Miles\milescj01,SF,30,TOR,40,740,14.0,0.550,0.750,0.152,1.5,9.8,5.7,4.8,1.8,1.7,5.3,22.2,,0.9,0.9,1.8,0.117,,2.0,-2.0,0.0,0.4
312,Darius Miller\milleda01,SF,27,NOP,48,1079,10.4,0.642,0.760,0.159,0.8,8.4,4.7,7.2,0.7,0.5,9.3,13.6,,1.6,0.3,1.9,0.084,,1.2,-2.5,-1.3,0.2
313,Malcolm Miller\millema01,SF,24,TOR,3,13,13.7,0.600,0.800,0.000,8.7,8.4,8.6,0.0,0.0,0.0,0.0,16.7,,0.0,0.0,0.0,0.149,,2.3,-6.8,-4.6,0.0
314,Patty Mills\millspa02,PG,29,SAS,51,1235,12.6,0.568,0.600,0.185,1.2,7.4,4.3,17.0,1.5,0.5,13.8,18.3,,1.2,1.5,2.7,0.106,,0.9,-1.1,-0.1,0.6
315,Paul Millsap\millspa01,PF,32,DEN,16,475,17.5,0.531,0.287,0.322,5.6,17.9,11.7,16.1,1.8,3.6,12.5,24.1,,0.5,0.6,1.0,0.105,,-0.2,1.0,0.8,0.3
316,Nikola Mirotic\mirotni01,PF,26,CHI,24,594,22.7,0.622,0.529,0.268,3.2,25.2,13.9,11.3,1.2,1.7,8.3,26.6,,1.5,0.6,2.1,0.170,,3.7,-1.3,2.4,0.7
317,Donovan Mitchell\mitchdo01,SG,21,UTA,47,1505,16.7,0.547,0.405,0.200,1.7,10.4,6.0,19.3,2.3,1.2,13.1,28.7,,0.7,1.6,2.3,0.072,,1.3,-0.8,0.5,1.0
318,Naz Mitrou-Long\mitrona01,SG,24,UTA,1,1,136.8,1.500,1.000,0.000,0.0,0.0,0.0,0.0,0.0,0.0,0.0,45.4,,0.1,0.0,0.1,2.732,,69.8,-14.9,54.8,0.0
319,Malik Monk\monkma01,SG,19,CHO,35,462,8.0,0.455,0.581,0.086,0.5,7.5,3.9,15.7,0.9,0.5,9.3,21.1,,-0.3,0.3,0.0,0.001,,-2.1,-2.9,-5.0,-0.3
320,Greg Monroe\monrogr01,C,27,TOT,23,505,19.5,0.611,0.000,0.233,11.1,27.7,19.2,16.7,1.2,0.9,17.8,20.1,,0.9,0.4,1.3,0.122,,0.2,0.5,0.6,0.3
320,Greg Monroe\monrogr01,C,27,MIL,5,79,11.4,0.489,0.000,0.121,9.1,29.0,19.0,10.4,0.0,0.0,14.7,23.6,,-0.1,0.0,0.0,-0.015,,-5.9,-3.6,-9.5,-0.2
320,Greg Monroe\monrogr01,C,27,PHO,18,426,21.0,0.637,0.000,0.259,11.4,27.4,19.2,17.9,1.5,1.1,18.4,19.4,,0.9,0.4,1.3,0.148,,1.3,1.2,2.5,0.5
321,Luis Montero\montelu01,SG,24,DET,2,8,-15.7,0.000,0.000,0.000,0.0,29.1,14.1,0.0,0.0,0.0,66.7,16.6,,-0.1,0.0,-0.1,-0.446,,-23.6,-2.1,-25.7,0.0
322,Ben Moore\moorebe01,PF,22,IND,1,3,0.2,,,,0.0,0.0,0.0,39.0,0.0,0.0,,0.0,,0.0,0.0,0.0,0.153,,-6.7,-10.8,-17.5,0.0
323,E'Twaun Moore\mooreet01,SG,28,NOP,48,1560,12.4,0.604,0.382,0.079,2.6,6.9,4.8,9.9,1.5,0.3,10.1,15.9,,2.0,0.7,2.7,0.082,,1.0,-1.4,-0.4,0.6
324,Eric Moreland\moreler01,PF,26,DET,40,470,11.6,0.507,0.000,0.259,10.5,25.3,17.7,12.3,1.7,4.7,25.9,7.7,,0.4,0.9,1.2,0.124,,-3.2,5.2,2.0,0.5
325,Marcus Morris\morrima03,PF,28,BOS,27,647,14.0,0.527,0.393,0.239,3.4,20.1,12.0,9.4,1.1,1.2,9.9,23.1,,0.3,1.1,1.4,0.103,,-1.8,0.0,-1.8,0.0
326,Markieff Morris\morrima02,PF,28,WAS,40,1017,11.5,0.547,0.295,0.193,5.0,19.6,12.3,6.9,1.3,1.6,14.9,18.8,,0.2,1.1,1.3,0.063,,-2.2,0.1,-2.1,0.0
327,Monte Morris\morrimo01,PG,22,DEN,1,3,-2.6,0.000,1.000,0.000,0.0,0.0,0.0,40.7,0.0,0.0,0.0,14.5,,0.0,0.0,0.0,-0.196,,-10.5,-12.8,-23.3,0.0
328,Johnathan Motley\motlejo01,PF,22,DAL,2,4,105.3,0.798,0.000,2.000,0.0,100.0,56.1,0.0,0.0,22.7,0.0,64.6,,0.1,0.0,0.1,0.957,,7.8,-8.3,-0.4,0.0
329,Timofey Mozgov\mozgoti01,C,31,BRK,25,321,11.0,0.606,0.228,0.316,9.1,19.0,14.0,3.9,0.8,2.1,24.4,15.9,,0.0,0.3,0.3,0.052,,-4.0,0.0,-4.0,-0.2
330,Emmanuel Mudiay\mudiaem01,PG,21,DEN,36,670,12.1,0.506,0.335,0.273,2.3,11.4,6.8,23.9,1.4,0.5,17.9,24.6,,-0.1,0.4,0.3,0.025,,-2.2,-2.4,-4.7,-0.5
331,Shabazz Muhammad\muhamsh01,SF,25,MIN,29,288,10.0,0.453,0.170,0.259,5.6,11.9,8.7,3.5,0.9,0.6,2.3,19.6,,0.1,0.1,0.2,0.030,,-3.4,-4.0,-7.4,-0.4
332,Xavier Munford\munfoxa02,SG,25,MIL,1,2,-21.0,0.000,0.000,0.000,59.9,0.0,30.0,0.0,0.0,0.0,0.0,45.7,,0.0,0.0,0.0,-0.846,,-27.2,-19.8,-47.0,0.0
333,Dejounte Murray\murrade01,PG,21,SAS,51,956,13.5,0.466,0.055,0.267,6.8,22.4,14.6,21.5,2.6,1.4,18.7,21.4,,-0.7,1.9,1.3,0.065,,-3.4,3.2,-0.1,0.5
334,Jamal Murray\murraja01,PG,20,DEN,47,1404,16.2,0.572,0.394,0.223,3.6,9.5,6.6,14.9,1.4,0.9,12.7,23.7,,2.2,0.9,3.1,0.106,,1.4,-2.0,-0.5,0.5
335,Mike Muscala\muscami01,C,26,ATL,19,311,14.6,0.626,0.400,0.338,5.8,18.0,11.8,7.2,1.7,1.7,11.6,14.7,,0.6,0.3,0.9,0.133,,-0.1,-0.2,-0.3,0.1
336,Abdel Nader\naderab01,SF,24,BOS,22,164,5.2,0.433,0.522,0.065,3.4,10.4,7.0,6.2,1.5,2.0,16.0,15.4,,-0.3,0.3,0.0,0.002,,-5.5,0.7,-4.7,-0.1
337,Larry Nance\nancela02,PF,25,LAL,37,827,19.1,0.605,0.013,0.357,11.5,21.0,16.2,9.5,3.1,1.9,12.2,15.4,,1.7,1.4,3.1,0.182,,0.5,2.9,3.4,1.1
338,Shabazz Napier\napiesh01,PG,26,POR,43,923,17.0,0.579,0.351,0.267,1.8,10.5,6.3,16.8,3.0,0.8,13.5,19.9,,1.4,1.2,2.7,0.138,,1.0,0.7,1.7,0.9
339,Jameer Nelson\nelsoja01,PG,35,NOP,41,870,8.5,0.511,0.536,0.088,1.5,10.4,6.1,22.2,1.3,0.3,21.7,13.0,,0.2,0.4,0.6,0.033,,-2.1,-1.6,-3.7,-0.4
340,Raul Neto\netora01,PG,25,UTA,24,307,13.5,0.560,0.320,0.196,1.8,10.2,5.9,22.4,1.3,0.9,14.6,18.2,,0.3,0.2,0.6,0.089,,-1.1,-1.6,-2.7,-0.1
341,Joakim Noah\noahjo01,C,32,NYK,7,40,15.9,0.510,0.000,0.400,17.4,22.1,19.8,14.1,2.5,4.4,25.4,17.4,,0.0,0.1,0.1,0.083,,-1.8,3.5,1.7,0.0
342,Nerlens Noel\noelne01,C,23,DAL,18,225,15.5,0.587,0.000,0.358,12.6,24.2,18.2,4.0,2.2,4.0,19.6,15.6,,0.2,0.4,0.6,0.127,,-3.5,2.3,-1.2,0.0
343,Lucas Nogueira\noguelu01,C,25,TOR,28,290,16.6,0.648,0.228,0.281,5.1,17.8,11.5,5.7,2.5,8.6,14.7,11.2,,0.4,0.6,1.1,0.178,,-1.1,6.1,5.0,0.5
344,Dirk Nowitzki\nowitdi01,C,39,DAL,49,1216,16.9,0.572,0.390,0.155,1.5,23.9,12.4,10.9,1.1,1.6,5.8,20.7,,1.8,1.3,3.1,0.122,,0.3,0.0,0.3,0.7
345,Frank Ntilikina\ntilila01,PG,19,NYK,47,959,7.1,0.426,0.324,0.147,2.1,10.0,6.1,22.4,2.5,0.9,22.9,17.3,,-1.4,0.9,-0.5,-0.025,,-3.6,0.0,-3.6,-0.4
346,Jusuf Nurkic\nurkiju01,C,23,POR,46,1226,17.0,0.508,0.012,0.330,9.0,24.0,16.6,11.0,1.5,3.9,15.6,27.5,,-0.4,2.0,1.6,0.064,,-3.8,2.0,-1.8,0.1
347,David Nwaba\nwabada01,SG,25,CHI,37,840,13.2,0.581,0.090,0.580,5.2,16.9,10.9,8.2,1.7,1.8,12.6,14.1,,1.0,0.8,1.8,0.103,,-2.1,1.4,-0.8,0.3
348,Johnny O'Bryant\obryajo01,PF,24,CHO,32,338,13.1,0.479,0.252,0.161,8.4,19.6,13.9,6.3,1.2,1.2,8.3,23.1,,0.0,0.4,0.4,0.058,,-3.0,-1.6,-4.6,-0.2
349,Royce O'Neale\onealro01,SF,24,UTA,36,418,11.8,0.532,0.487,0.400,1.9,23.6,12.6,12.9,1.6,0.4,12.9,16.9,,0.2,0.5,0.7,0.084,,-2.3,0.0,-2.3,0.0
350,Kyle O'Quinn\oquinky01,C,27,NYK,48,815,19.6,0.629,0.027,0.378,10.1,28.2,19.4,17.3,1.3,5.6,20.3,17.6,,1.6,1.3,2.9,0.169,,0.4,4.0,4.5,1.3
351,Semi Ojeleye\ojelese01,PF,23,BOS,43,564,4.7,0.458,0.780,0.210,4.3,11.2,7.8,2.2,1.2,0.1,11.4,9.8,,-0.2,0.8,0.6,0.052,,-3.6,0.1,-3.5,-0.2
352,Jahlil Okafor\okafoja01,C,22,TOT,15,171,9.2,0.499,0.031,0.215,3.9,17.4,10.6,7.7,0.3,3.2,13.4,20.6,,-0.1,0.2,0.1,0.015,,-6.4,-0.5,-6.9,-0.2
352,Jahlil Okafor\okafoja01,C,22,PHI,2,25,9.0,0.465,0.000,0.444,18.0,20.9,19.5,6.0,0.0,6.7,21.8,23.4,,0.0,0.0,0.0,0.002,,-7.3,0.5,-6.8,0.0
352,Jahlil Okafor\okafoja01,C,22,BRK,13,146,9.2,0.505,0.036,0.179,1.4,16.8,9.0,8.0,0.3,2.6,11.7,20.1,,-0.1,0.1,0.1,0.017,,-6.3,-0.7,-7.0,-0.2
353,Victor Oladipo\oladivi01,SG,25,IND,44,1505,23.7,0.594,0.349,0.289,1.8,15.3,8.7,19.8,2.8,2.2,12.4,30.3,,3.2,2.0,5.2,0.165,,4.1,0.5,4.6,2.5
354,Kelly Olynyk\olynyke01,PF,26,MIA,48,1128,15.9,0.612,0.412,0.282,5.3,22.1,13.7,15.5,1.7,1.7,19.1,21.1,,1.2,1.6,2.8,0.118,,0.3,1.2,1.5,1.0
355,Cedi Osman\osmande01,SF,22,CLE,38,299,9.6,0.578,0.400,0.200,3.1,19.5,11.5,5.2,1.5,0.3,12.6,12.9,,0.2,0.2,0.4,0.059,,-2.7,-1.6,-4.3,-0.2
356,Kelly Oubre\oubreke01,SF,22,WAS,48,1311,13.5,0.579,0.451,0.289,3.2,16.5,9.9,5.7,1.5,1.3,9.8,18.5,,1.7,1.4,3.0,0.111,,0.1,-0.5,-0.3,0.5
357,Zaza Pachulia\pachuza01,C,33,GSW,39,570,17.3,0.638,0.000,0.323,8.4,26.1,18.0,15.8,2.0,0.8,18.8,16.7,,1.2,0.9,2.1,0.175,,-0.1,1.2,1.1,0.4
358,Marcus Paige\paigema01,PG,24,CHO,1,3,-19.3,0.000,0.000,0.000,0.0,72.3,35.7,0.0,0.0,0.0,0.0,28.8,,0.0,0.0,0.0,-0.602,,-33.9,-10.6,-44.5,0.0
359,Georgios Papagiannis\papagge01,C,20,SAC,14,106,10.6,0.410,0.000,0.000,12.5,24.7,18.4,7.3,1.0,4.5,15.2,19.5,,-0.2,0.1,-0.1,-0.034,,-6.8,0.1,-6.7,-0.1
360,Tony Parker\parketo01,PG,35,SAS,25,529,13.4,0.495,0.082,0.174,0.6,9.8,5.2,30.5,1.4,0.2,14.3,20.9,,0.1,0.7,0.8,0.072,,-2.3,-1.4,-3.7,-0.2
361,Chandler Parsons\parsoch01,SF,29,MEM,26,545,14.5,0.600,0.531,0.140,2.5,13.3,7.9,16.5,1.2,1.5,13.2,18.4,,0.7,0.4,1.1,0.098,,1.0,-1.1,-0.1,0.3
362,Patrick Patterson\pattepa01,PF,28,OKC,48,699,8.9,0.544,0.667,0.156,1.9,14.3,7.9,5.6,2.0,1.5,12.7,10.7,,0.4,0.9,1.3,0.087,,-2.3,0.3,-1.9,0.0
363,Brandon Paul\paulbr01,SG,26,SAS,46,465,8.5,0.517,0.455,0.297,0.7,13.1,6.9,10.5,2.6,0.9,16.8,13.3,,-0.1,0.8,0.7,0.071,,-3.1,1.5,-1.6,0.0
364,Chris Paul\paulch01,PG,32,HOU,30,968,25.8,0.610,0.492,0.274,2.3,18.3,10.3,44.3,2.9,1.0,13.4,24.7,,4.3,1.4,5.6,0.279,,7.0,1.2,8.2,2.5
365,Adreian Payne\paynead01,PF,26,ORL,5,43,18.9,0.831,0.300,0.600,5.1,18.0,11.5,0.0,2.3,0.0,13.7,14.8,,0.1,0.0,0.2,0.199,,0.4,-4.2,-3.8,0.0
366,Elfrid Payton\paytoel01,PG,23,ORL,38,1115,18.1,0.569,0.149,0.243,4.3,11.0,7.6,34.5,2.3,0.8,18.5,21.3,,1.6,0.7,2.4,0.103,,1.4,-0.3,1.1,0.9
367,Gary Payton\paytoga02,PG,25,TOT,14,124,8.9,0.436,0.325,0.075,4.7,13.5,9.1,15.4,1.2,2.0,6.8,16.1,,0.0,0.1,0.1,0.033,,-3.0,-1.7,-4.7,-0.1
367,Gary Payton\paytoga02,PG,25,MIL,12,106,7.7,0.437,0.364,0.091,4.5,14.8,9.6,12.4,1.4,0.8,8.0,16.1,,0.0,0.1,0.0,0.015,,-3.3,-2.1,-5.4,-0.1
367,Gary Payton\paytoga02,PG,25,LAL,2,18,15.4,0.429,0.143,0.000,5.9,5.9,5.9,33.1,0.0,9.0,0.0,16.4,,0.0,0.0,0.1,0.138,,-1.4,0.8,-0.7,0.0
368,London Perrantes\perralo01,PG,23,CLE,1,3,-19.2,0.000,0.000,0.000,0.0,0.0,0.0,0.0,0.0,0.0,0.0,14.8,,0.0,0.0,0.0,-0.385,,-16.7,-5.0,-21.7,0.0
369,Alec Peters\peteral01,PF,22,PHO,6,62,7.9,0.404,0.938,0.188,3.4,14.2,8.7,13.2,0.0,2.6,5.5,12.5,,0.0,0.0,0.0,0.017,,-2.0,-1.6,-3.6,0.0
370,Marshall Plumlee\plumlma02,C,25,MIL,2,18,22.5,0.926,0.000,10.000,6.7,46.9,26.7,0.0,0.0,4.9,27.0,18.8,,0.1,0.0,0.1,0.302,,-5.0,-5.9,-10.9,0.0
371,Mason Plumlee\plumlma01,C,27,DEN,48,989,16.4,0.562,0.004,0.510,10.2,22.2,16.1,14.8,1.7,4.7,19.9,17.0,,0.8,1.4,2.2,0.106,,-1.7,3.2,1.5,0.9
372,Miles Plumlee\plumlmi01,C,29,ATL,29,511,11.5,0.592,0.000,0.365,9.2,16.6,12.9,7.7,1.1,3.1,22.9,12.4,,0.2,0.4,0.6,0.059,,-2.9,1.4,-1.5,0.1
373,Jakob Poeltl\poeltja01,C,22,TOR,47,829,17.5,0.633,0.009,0.311,13.6,16.0,14.8,4.1,1.0,5.3,13.5,15.0,,1.8,1.2,3.1,0.177,,0.3,2.1,2.4,0.9
374,Quincy Pondexter\pondequ01,SF,29,CHI,21,188,3.5,0.398,0.449,0.347,4.4,10.0,7.1,5.1,1.8,0.9,16.3,15.7,,-0.3,0.1,-0.2,-0.052,,-6.2,-0.8,-7.0,-0.2
375,Otto Porter\porteot01,SF,24,WAS,44,1394,17.0,0.577,0.361,0.132,4.5,17.7,11.1,8.6,2.5,1.5,6.6,17.3,,2.4,1.9,4.3,0.148,,1.6,1.5,3.1,1.8
376,Bobby Portis\portibo01,PF,22,CHI,40,818,21.9,0.576,0.262,0.228,10.3,22.4,16.2,14.0,1.3,1.1,10.1,25.6,,1.7,0.8,2.5,0.146,,2.1,-0.7,1.4,0.7
377,Kristaps Porzingis\porzikr01,PF,22,NYK,43,1409,20.5,0.538,0.250,0.314,4.5,18.5,11.7,6.3,1.1,6.3,8.7,31.7,,1.5,1.8,3.3,0.111,,-0.5,-0.3,-0.8,0.4
378,Dwight Powell\poweldw01,C,26,DAL,48,893,17.2,0.631,0.211,0.364,8.2,20.5,14.1,7.0,2.1,2.0,10.5,15.2,,2.0,1.1,3.1,0.169,,0.3,1.6,1.9,0.9
379,Norman Powell\powelno01,SG,24,TOR,40,681,9.0,0.480,0.444,0.143,1.3,10.5,6.0,13.0,2.2,1.4,14.7,20.0,,-0.5,0.9,0.4,0.026,,-2.6,0.1,-2.5,-0.1
380,Alex Poythress\poythal01,PF,24,IND,21,90,7.7,0.500,0.381,0.000,7.7,8.7,8.2,2.9,1.7,1.0,8.7,11.4,,0.0,0.1,0.1,0.059,,-2.0,-1.2,-3.3,0.0
381,Jacob Pullen\pulleja01,PG,28,PHI,3,6,-2.2,0.500,0.500,0.000,0.0,0.0,0.0,0.0,0.0,0.0,33.3,21.2,,0.0,0.0,0.0,-0.211,,-10.3,-4.9,-15.2,0.0
382,Zhou Qi\qizh01,C,22,HOU,14,75,0.0,0.299,0.625,0.417,3.0,16.8,9.8,1.8,1.3,6.9,15.0,19.3,,-0.3,0.1,-0.2,-0.127,,-10.6,0.5,-10.0,-0.2
383,Ivan Rabb\rabbiv01,PF,20,MEM,10,79,21.3,0.742,0.000,0.111,8.8,17.8,13.2,10.2,0.0,3.5,15.0,19.3,,0.2,0.1,0.3,0.172,,0.9,-1.1,-0.2,0.0
384,Julius Randle\randlju01,C,23,LAL,48,1123,19.0,0.595,0.078,0.436,8.8,23.9,16.3,14.3,1.0,2.2,16.8,24.8,,1.6,1.4,3.0,0.128,,-0.5,0.6,0.1,0.6
385,Zach Randolph\randoza01,PF,36,SAC,41,1032,18.2,0.536,0.164,0.166,7.7,24.1,15.6,13.9,1.6,0.6,12.9,27.4,,0.5,0.7,1.2,0.056,,-0.5,-1.4,-1.8,0.0
386,J.J. Redick\redicjj01,SG,33,PHI,36,1173,15.1,0.602,0.516,0.239,0.6,8.3,4.6,15.9,0.8,0.2,9.3,20.7,,2.6,0.9,3.5,0.144,,2.4,-2.5,-0.1,0.6
387,Davon Reed\reedda01,SG,22,PHO,1,5,-16.9,0.000,0.500,0.000,0.0,22.0,10.8,0.0,0.0,0.0,0.0,17.0,,0.0,0.0,0.0,-0.395,,-17.9,-6.7,-24.7,0.0
388,Willie Reed\reedwi02,C,27,LAC,39,419,19.7,0.669,0.017,0.458,9.3,22.6,15.9,3.5,1.0,4.4,11.6,16.9,,1.0,0.5,1.5,0.177,,-0.8,0.1,-0.8,0.1
389,Josh Richardson\richajo01,SF,24,MIA,48,1637,12.1,0.543,0.416,0.163,2.5,9.1,5.9,12.6,2.0,2.2,14.3,18.1,,0.5,1.9,2.4,0.071,,-0.7,1.1,0.4,1.0
390,Malachi Richardson\richama01,SG,22,SAC,25,319,5.9,0.445,0.443,0.250,1.7,10.4,5.9,5.8,1.6,0.3,9.3,15.2,,-0.2,0.1,-0.1,-0.021,,-4.1,-2.4,-6.4,-0.4
391,Austin Rivers\riverau01,SG,25,LAC,32,1047,13.1,0.529,0.457,0.208,1.6,5.5,3.5,17.2,1.9,0.6,11.2,22.3,,0.7,0.6,1.3,0.059,,0.9,-2.1,-1.2,0.2
392,Andre Roberson\roberan03,SG,26,OKC,38,1015,11.0,0.536,0.225,0.231,8.0,12.1,10.0,6.0,2.2,3.1,14.5,8.8,,0.8,1.4,2.2,0.105,,-1.3,2.9,1.6,0.9
393,Rajon Rondo\rondora01,PG,31,NOP,34,825,14.6,0.528,0.335,0.036,2.1,12.9,7.7,41.5,1.7,0.8,23.8,15.7,,1.1,0.6,1.7,0.096,,-0.8,-1.7,-2.5,-0.1
394,Derrick Rose\rosede01,PG,29,CLE,11,250,14.2,0.584,0.168,0.290,3.7,7.5,5.6,12.5,0.6,1.0,18.3,26.2,,0.1,0.0,0.1,0.013,,-2.7,-3.8,-6.5,-0.3
395,Terrence Ross\rosste01,SG,26,ORL,22,576,10.4,0.515,0.480,0.198,1.9,11.5,6.7,8.7,2.3,1.3,11.5,16.4,,0.0,0.4,0.4,0.035,,-1.5,0.1,-1.4,0.1
396,Terry Rozier\roziete01,PG,23,BOS,49,1127,13.7,0.504,0.506,0.139,3.0,16.9,10.1,13.6,2.3,0.5,7.7,19.1,,0.7,2.1,2.8,0.119,,-0.4,1.3,0.9,0.8
397,Ricky Rubio\rubiori01,PG,27,UTA,48,1404,12.1,0.499,0.348,0.275,1.9,14.7,8.2,25.8,2.7,0.4,20.4,21.9,,-0.7,1.7,1.0,0.033,,-1.9,0.9,-1.0,0.3
398,D'Angelo Russell\russeda01,PG,21,BRK,16,398,15.5,0.522,0.323,0.285,2.6,13.1,7.8,36.3,1.5,0.4,18.7,35.0,,-0.4,0.3,0.0,-0.004,,0.5,-1.2,-0.7,0.1
399,Domantas Sabonis\sabondo01,C,21,IND,47,1198,18.6,0.586,0.055,0.354,11.4,25.9,18.7,12.4,0.8,1.7,16.3,22.4,,2.0,1.3,3.3,0.134,,-0.2,0.2,0.0,0.6
400,JaKarr Sampson\sampsja02,SF,24,SAC,6,102,14.6,0.656,0.136,0.091,8.7,25.6,16.9,2.9,1.0,3.7,8.0,11.0,,0.2,0.1,0.3,0.143,,-1.7,-0.3,-2.0,0.0
401,Dario Saric\saricda01,PF,23,PHI,44,1345,15.0,0.565,0.433,0.206,7.9,16.5,12.4,13.2,1.1,0.9,13.9,20.0,,1.8,1.6,3.4,0.121,,1.1,0.0,1.1,1.1
402,Tomas Satoransky\satorto01,SG,26,WAS,39,633,13.9,0.576,0.273,0.308,4.9,10.2,7.6,21.9,1.4,0.4,12.9,12.9,,1.3,0.5,1.7,0.132,,0.5,-0.7,-0.2,0.3
403,Dennis Schroder\schrode01,PG,24,ATL,45,1419,18.3,0.515,0.215,0.205,2.6,8.5,5.5,36.7,1.8,0.2,11.9,30.4,,1.7,0.6,2.3,0.078,,2.0,-2.5,-0.4,0.6
404,Mike Scott\scottmi01,PF,29,WAS,44,807,14.9,0.651,0.330,0.142,3.6,16.2,9.9,7.2,1.0,1.0,14.5,19.1,,1.1,0.7,1.8,0.108,,0.2,-1.3,-1.1,0.2
405,Thabo Sefolosha\sefolth01,SF,33,UTA,38,806,16.2,0.591,0.350,0.225,4.0,19.0,11.4,6.5,3.3,1.3,10.2,16.5,,1.0,1.3,2.3,0.137,,-0.2,1.7,1.5,0.7
406,Wayne Selden\seldewa01,SG,23,MEM,14,220,10.9,0.527,0.440,0.345,1.6,7.5,4.5,16.0,1.4,0.0,14.2,23.4,,0.0,0.1,0.1,0.023,,-1.7,-3.7,-5.4,-0.2
407,Ramon Sessions\sessira01,PG,31,NYK,13,167,6.3,0.403,0.208,0.283,0.7,11.2,6.1,22.0,2.1,0.5,20.1,19.7,,-0.3,0.1,-0.2,-0.056,,-5.6,-1.2,-6.7,-0.2
408,Iman Shumpert\shumpim01,SG,27,CLE,14,276,6.4,0.480,0.448,0.259,2.9,13.6,8.3,8.3,1.6,1.6,20.8,13.1,,-0.2,0.1,-0.1,-0.014,,-4.0,0.0,-4.0,-0.1
409,Pascal Siakam\siakapa01,PF,23,TOR,46,914,13.4,0.503,0.338,0.154,6.6,18.6,12.7,12.2,2.2,2.2,11.5,15.2,,0.7,1.5,2.1,0.112,,-0.5,2.6,2.0,0.9
410,Ben Simmons\simmobe01,PG,21,PHI,44,1543,17.6,0.533,0.017,0.340,5.6,18.7,12.4,33.6,2.5,2.2,20.6,23.6,,0.9,2.6,3.5,0.109,,-0.5,3.4,2.9,1.9
411,Jonathon Simmons\simmojo02,SG,28,ORL,46,1329,12.3,0.541,0.259,0.293,3.3,10.4,6.8,12.9,1.3,0.6,14.2,22.3,,0.3,0.5,0.8,0.030,,-1.3,-1.6,-2.9,-0.3
412,Kobi Simmons\simmoko01,PG,20,MEM,12,176,8.2,0.487,0.289,0.111,2.0,10.6,6.3,10.6,2.3,1.6,16.0,14.6,,-0.1,0.2,0.1,0.017,,-4.1,0.2,-3.9,-0.1
413,Kyle Singler\singlky01,SF,29,OKC,8,44,5.3,0.451,0.313,0.563,0.0,15.9,7.7,0.0,1.1,0.0,9.1,21.7,,-0.1,0.0,0.0,-0.027,,-8.4,-6.3,-14.8,-0.1
414,Marcus Smart\smartma01,SG,23,BOS,46,1393,10.0,0.467,0.471,0.246,2.9,9.8,6.4,22.9,2.1,1.3,18.5,19.6,,-0.9,2.3,1.4,0.050,,-2.2,1.4,-0.8,0.4
415,Dennis Smith\smithde03,PG,20,DAL,41,1172,13.6,0.488,0.327,0.179,2.8,12.7,7.6,27.7,1.7,0.8,15.2,28.6,,-1.0,1.0,0.0,-0.002,,-1.1,-0.6,-1.7,0.1
416,Ish Smith\smithis01,PG,29,DET,46,1054,14.9,0.486,0.076,0.146,2.0,11.3,6.5,29.5,1.4,1.1,9.9,22.2,,0.8,1.0,1.9,0.085,,-1.4,-0.6,-2.0,0.0
417,J.R. Smith\smithjr01,SG,32,CLE,46,1375,7.6,0.507,0.695,0.086,1.6,9.0,5.4,9.6,1.6,0.3,11.4,12.8,,0.2,0.4,0.6,0.020,,-0.7,-1.0,-1.8,0.1
418,Jason Smith\smithja02,C,31,WAS,20,190,5.2,0.383,0.250,0.184,9.4,12.3,10.8,4.6,0.8,4.1,11.8,21.5,,-0.4,0.2,-0.2,-0.054,,-6.7,-1.0,-7.7,-0.3
419,Josh Smith\smithjo03,PF,32,NOP,3,12,3.6,0.250,0.000,0.000,29.0,9.1,18.7,0.0,0.0,0.0,0.0,14.6,,0.0,0.0,0.0,-0.017,,-6.0,-7.9,-13.9,0.0
420,Tony Snell\snellto01,SG,26,MIL,42,1219,9.7,0.619,0.618,0.150,0.6,8.0,4.3,6.0,1.1,0.9,7.2,10.9,,1.4,0.4,1.8,0.072,,0.4,-1.6,-1.2,0.3
421,Marreese Speights\speigma01,C,30,ORL,37,472,11.8,0.510,0.669,0.151,3.5,17.5,10.4,8.4,0.5,2.5,8.6,25.7,,-0.1,0.3,0.2,0.021,,-0.7,-3.3,-4.0,-0.2
422,Nik Stauskas\stausni01,SG,24,TOT,23,281,9.3,0.581,0.671,0.203,1.1,11.4,6.2,9.8,0.9,0.3,16.5,15.7,,0.1,0.2,0.3,0.045,,-1.8,-1.6,-3.4,-0.1
422,Nik Stauskas\stausni01,SG,24,PHI,6,45,0.9,0.410,0.250,0.500,0.0,2.3,1.2,2.8,4.3,0.0,45.0,8.4,,-0.1,0.1,0.0,-0.048,,-7.3,2.4,-4.9,0.0
422,Nik Stauskas\stausni01,SG,24,BRK,17,236,10.9,0.591,0.693,0.187,1.3,13.1,7.2,11.1,0.2,0.3,13.8,17.1,,0.2,0.1,0.3,0.062,,-0.8,-2.3,-3.1,-0.1
423,Lance Stephenson\stephla01,SG,27,IND,49,1130,12.1,0.494,0.310,0.193,4.0,23.1,13.7,18.0,1.1,0.7,14.9,19.9,,0.0,1.1,1.1,0.048,,-2.0,0.1,-2.0,0.0
424,Julyan Stone\stoneju01,SG,29,CHO,7,33,11.7,0.750,1.000,0.000,0.0,32.9,16.2,33.0,2.9,2.6,50.0,10.5,,0.0,0.1,0.1,0.112,,-3.1,3.8,0.7,0.0
425,Caleb Swanigan\swanica01,PF,20,POR,15,133,7.4,0.409,0.119,0.310,10.2,19.7,15.0,9.7,1.9,1.8,18.7,19.5,,-0.2,0.2,0.0,-0.010,,-5.8,1.1,-4.7,-0.1
426,Jayson Tatum\tatumja01,SF,19,BOS,49,1521,15.6,0.610,0.322,0.369,2.8,16.3,9.7,6.7,1.5,2.2,10.8,18.0,,2.4,2.7,5.2,0.163,,-0.2,1.8,1.6,1.4
427,Isaiah Taylor\taylois01,PG,23,ATL,36,517,10.0,0.469,0.217,0.342,2.4,8.0,5.1,22.7,1.6,1.4,14.6,17.4,,0.0,0.3,0.3,0.025,,-3.3,-1.7,-5.0,-0.4
428,Jeff Teague\teaguje01,PG,29,MIN,40,1344,14.9,0.537,0.293,0.278,1.4,9.4,5.3,29.7,2.2,0.9,18.3,20.4,,1.3,0.8,2.1,0.077,,0.7,-1.2,-0.5,0.5
429,Mirza Teletovic\teletmi01,PF,32,MIL,10,159,13.8,0.623,0.789,0.000,2.3,15.2,8.7,9.7,1.3,0.6,10.9,18.4,,0.2,0.1,0.3,0.090,,1.9,-3.3,-1.4,0.0
430,Garrett Temple\templga01,SG,31,SAC,45,1121,9.8,0.515,0.476,0.164,1.6,9.9,5.6,11.1,1.8,1.9,14.1,16.8,,-0.2,0.5,0.3,0.014,,-1.7,-0.7,-2.5,-0.1
431,Milos Teodosic\teodomi01,PG,30,LAC,21,538,11.5,0.525,0.659,0.104,2.1,10.8,6.5,30.8,0.9,0.5,19.8,19.2,,0.3,0.2,0.6,0.053,,0.5,-2.4,-1.9,0.0
432,Jason Terry\terryja01,SG,40,MIL,18,179,3.0,0.335,0.621,0.069,0.7,10.1,5.4,8.0,2.5,2.0,21.1,9.7,,-0.3,0.2,-0.2,-0.047,,-5.7,0.5,-5.2,-0.1
433,Daniel Theis\theisda01,C,25,BOS,47,641,15.3,0.603,0.241,0.346,10.8,23.3,17.2,7.7,1.7,4.4,20.1,16.3,,0.7,1.5,2.2,0.164,,-2.1,3.6,1.5,0.6
434,Isaiah Thomas\thomais02,PG,28,CLE,9,229,12.6,0.504,0.472,0.276,3.0,2.9,2.9,22.8,0.9,0.7,15.3,31.6,,-0.1,0.0,-0.2,-0.034,,-1.3,-5.9,-7.2,-0.3
435,Lance Thomas\thomala01,PF,29,NYK,47,876,6.7,0.526,0.409,0.228,4.2,11.0,7.7,4.1,0.9,1.0,13.4,10.9,,0.3,0.5,0.7,0.039,,-1.8,-0.6,-2.3,-0.1
436,Klay Thompson\thompkl01,SG,27,GSW,48,1646,16.8,0.607,0.451,0.088,1.6,10.6,6.5,11.0,1.0,1.4,9.3,23.7,,2.5,1.2,3.7,0.109,,2.2,-2.2,0.0,0.8
437,Tristan Thompson\thomptr01,C,26,CLE,27,528,13.9,0.610,0.000,0.455,12.4,21.1,16.8,4.5,0.8,1.5,12.3,11.6,,1.1,0.3,1.4,0.125,,-1.0,-0.7,-1.7,0.0
438,Sindarius Thornwell\thornsi01,SG,23,LAC,46,602,7.6,0.522,0.308,0.375,2.4,10.2,6.3,7.3,2.1,2.2,18.1,12.3,,-0.1,0.5,0.4,0.036,,-3.2,1.1,-2.1,0.0
439,Anthony Tolliver\tollian01,PF,32,DET,43,861,11.6,0.625,0.817,0.271,3.1,12.2,7.5,7.9,0.9,1.2,13.2,14.5,,1.2,0.8,2.0,0.111,,1.0,-0.6,0.4,0.5
440,Karl-Anthony Towns\townska01,C,22,MIN,51,1810,23.9,0.637,0.263,0.320,9.1,30.9,19.8,10.3,1.1,3.7,11.2,22.2,,5.9,2.2,8.1,0.214,,3.7,1.2,4.9,3.2
441,P.J. Tucker\tuckepj01,SF,32,HOU,47,1266,7.8,0.517,0.649,0.175,4.8,20.3,12.5,4.1,1.8,0.8,14.3,9.8,,0.4,1.5,1.9,0.071,,-2.1,1.2,-0.8,0.4
442,Evan Turner\turneev01,SF,29,POR,47,1260,10.2,0.526,0.204,0.185,1.7,12.3,7.1,12.5,1.2,1.0,15.0,16.2,,0.3,1.2,1.5,0.057,,-2.3,0.6,-1.8,0.1
443,Myles Turner\turnemy01,C,21,IND,33,964,17.5,0.569,0.238,0.323,4.7,20.4,12.7,8.0,0.8,6.7,12.0,21.3,,1.1,1.3,2.3,0.117,,-1.2,2.1,0.9,0.7
444,Ekpe Udoh\udohek01,C,30,UTA,42,680,15.4,0.569,0.000,0.485,9.1,10.4,9.7,9.9,2.7,7.3,9.9,8.7,,1.3,1.2,2.4,0.172,,-0.6,6.1,5.4,1.3
445,Tyler Ulis\ulisty01,PG,22,PHO,48,1129,9.0,0.450,0.258,0.209,1.4,6.7,4.0,25.3,2.1,0.2,17.7,17.2,,-0.6,0.4,-0.2,-0.008,,-3.1,-2.0,-5.1,-0.9
446,Jonas Valanciunas\valanjo01,C,25,TOR,43,912,21.5,0.625,0.069,0.340,12.2,31.3,21.9,5.9,0.8,2.9,13.6,21.9,,2.3,1.6,3.9,0.206,,-0.2,0.2,0.0,0.5
447,Denzel Valentine\valende01,SG,24,CHI,49,1392,11.8,0.536,0.532,0.069,2.5,18.3,10.2,16.5,1.3,0.4,11.5,15.8,,0.9,1.1,2.0,0.070,,-0.3,0.2,-0.1,0.7
448,Fred VanVleet\vanvlfr01,PG,23,TOR,45,810,14.3,0.531,0.446,0.179,1.7,12.0,7.0,21.9,2.3,1.0,12.0,18.3,,1.1,1.1,2.1,0.126,,0.7,0.3,1.0,0.6
449,Rashad Vaughn\vaughra01,SG,21,MIL,18,165,11.6,0.553,0.688,0.125,0.7,10.2,5.5,10.6,1.2,1.6,3.8,14.6,,0.2,0.1,0.3,0.084,,0.0,-2.8,-2.9,0.0
450,Noah Vonleh\vonleno01,PF,22,POR,30,454,12.1,0.546,0.011,0.307,8.7,30.5,19.8,3.7,0.7,2.0,13.1,11.2,,0.4,0.7,1.1,0.117,,-4.0,0.9,-3.1,-0.1
451,Nikola Vucevic\vucevni01,C,27,ORL,34,1018,21.3,0.557,0.277,0.111,6.5,27.6,17.0,19.0,1.7,2.9,10.8,25.4,,1.4,1.2,2.7,0.126,,1.9,1.8,3.7,1.5
452,Dwyane Wade\wadedw01,SG,36,CLE,42,972,16.2,0.515,0.154,0.281,4.1,14.5,9.4,24.9,2.1,2.5,15.5,24.4,,0.4,0.8,1.2,0.058,,-1.6,0.3,-1.3,0.2
453,Dion Waiters\waitedi01,SG,26,MIA,30,918,10.8,0.487,0.415,0.168,1.0,8.6,4.8,20.4,1.3,0.8,13.7,25.3,,-0.7,0.8,0.0,0.002,,-2.0,-2.0,-4.0,-0.5
454,Kemba Walker\walkeke02,PG,27,CHO,45,1561,20.1,0.548,0.415,0.303,1.4,9.4,5.3,29.1,1.7,0.8,10.0,27.6,,3.2,1.6,4.8,0.147,,4.6,-1.1,3.5,2.2
455,John Wall\walljo01,PG,27,WAS,37,1269,19.4,0.511,0.245,0.367,1.7,9.8,5.7,43.4,1.9,2.9,16.0,28.8,,1.3,1.3,2.6,0.099,,1.6,0.0,1.5,1.1
456,Tyrone Wallace\wallaty01,PG,23,LAC,11,356,11.1,0.553,0.179,0.389,1.9,10.5,6.2,9.4,1.5,1.7,11.2,15.3,,0.3,0.2,0.6,0.074,,-1.5,0.3,-1.2,0.1
457,Taurean Waller-Prince\princta02,SF,23,ATL,48,1456,11.6,0.543,0.416,0.165,2.5,16.8,9.6,12.0,1.6,1.8,16.4,19.7,,-0.2,1.1,1.0,0.032,,-1.6,0.3,-1.3,0.2
458,Derrick Walton\waltode01,PG,22,MIA,14,137,10.5,0.524,0.708,0.167,0.8,9.2,5.0,15.2,1.8,1.9,7.2,9.2,,0.2,0.1,0.3,0.111,,-1.6,0.1,-1.5,0.0
459,T.J. Warren\warretj01,SF,24,PHO,46,1476,18.4,0.540,0.093,0.246,6.3,11.7,9.0,7.7,1.4,1.7,7.4,26.0,,2.0,0.7,2.7,0.087,,0.0,-1.8,-1.8,0.1
460,Briante Weber\weberbr01,PG,25,HOU,13,118,11.0,0.547,0.409,0.182,2.9,14.6,8.7,14.9,4.1,2.2,22.8,11.3,,0.1,0.2,0.3,0.112,,-2.3,3.3,1.0,0.1
461,David West\westda01,C,37,GSW,47,625,23.1,0.631,0.029,0.217,8.2,19.0,14.1,20.3,2.2,6.4,15.7,21.8,,1.5,1.2,2.6,0.203,,1.1,3.5,4.6,1.0
462,Russell Westbrook\westbru01,PG,29,OKC,48,1722,25.4,0.517,0.203,0.333,5.3,25.1,14.9,49.6,2.8,0.5,15.6,35.2,,3.4,2.9,6.3,0.176,,5.3,3.2,8.5,4.6
463,Derrick White\whitede01,PG,23,SAS,13,78,9.9,0.552,0.273,0.909,5.7,15.6,10.6,8.8,2.0,2.1,24.5,11.8,,0.0,0.1,0.1,0.087,,-3.6,2.3,-1.3,0.0
464,Okaro White\whiteok01,PF,25,MIA,6,80,9.1,0.577,0.688,0.188,4.3,11.4,7.9,3.6,0.6,1.1,5.5,10.4,,0.1,0.1,0.2,0.094,,-1.3,-1.4,-2.7,0.0
465,Isaiah Whitehead\whiteis01,PG,22,BRK,10,142,11.6,0.539,0.190,0.270,2.2,12.8,7.4,22.3,2.4,1.1,23.8,27.9,,-0.2,0.2,-0.1,-0.028,,-4.4,-0.2,-4.6,-0.1
466,Hassan Whiteside\whiteha01,C,28,MIA,30,785,24.9,0.594,0.006,0.296,12.4,39.7,26.1,5.6,1.5,5.9,12.4,24.3,,1.4,1.8,3.2,0.194,,-2.4,2.0,-0.4,0.3
467,Andrew Wiggins\wiggian01,SF,22,MIN,51,1842,13.9,0.508,0.267,0.272,3.3,10.2,6.7,7.8,1.6,1.6,8.2,23.8,,0.8,1.0,1.8,0.047,,-0.7,-1.5,-2.2,-0.1
468,Jacob Wiley\wileyja01,PF,23,BRK,5,33,8.2,0.410,0.500,0.500,6.3,29.1,17.6,8.1,1.5,0.0,0.0,6.3,,0.0,0.0,0.1,0.102,,-3.8,1.5,-2.3,0.0
469,Damien Wilkins\wilkida02,SF,38,IND,19,152,4.9,0.405,0.462,0.103,3.8,8.1,6.0,7.7,0.7,0.6,10.9,13.5,,-0.1,0.1,-0.1,-0.023,,-4.2,-2.2,-6.3,-0.2
470,C.J. Williams\willicj01,SG,27,LAC,28,544,10.2,0.549,0.414,0.097,2.0,6.7,4.4,6.4,2.2,2.0,9.6,13.3,,0.3,0.4,0.8,0.067,,-1.0,0.4,-0.6,0.2
471,Lou Williams\willilo02,SG,31,LAC,47,1516,23.0,0.609,0.442,0.377,1.7,6.9,4.3,27.9,1.7,0.6,13.1,30.0,,4.8,0.8,5.6,0.176,,6.0,-2.9,3.1,2.0
472,Marvin Williams\willima02,PF,31,CHO,47,1227,14.5,0.634,0.532,0.202,4.0,16.1,9.9,6.5,1.3,1.2,8.9,13.9,,2.4,1.3,3.7,0.146,,1.5,0.7,2.2,1.3
473,Matt Williams\willima05,SG,24,MIA,3,11,-0.6,0.417,0.833,0.000,0.0,10.4,5.2,0.0,0.0,0.0,14.3,29.0,,-0.1,0.0,0.0,-0.206,,-8.5,-8.8,-17.3,0.0
474,Troy Williams\willitr02,SF,23,HOU,4,17,-2.3,0.242,0.556,0.333,6.6,20.2,13.4,8.5,2.9,0.0,8.8,28.9,,-0.1,0.0,-0.1,-0.259,,-11.3,-2.9,-14.2,-0.1
475,D.J. Wilson\wilsodj01,PF,21,MIL,16,54,2.9,0.550,0.400,0.000,0.0,13.4,6.7,5.2,0.9,0.0,28.6,11.9,,-0.1,0.0,-0.1,-0.052,,-6.1,-2.6,-8.7,-0.1
476,Jamil Wilson\wilsoja02,SF,27,LAC,15,274,11.6,0.634,0.778,0.049,1.2,11.6,6.4,5.4,0.9,2.5,8.8,14.4,,0.4,0.2,0.6,0.100,,1.1,-1.0,0.0,0.1
477,Justise Winslow\winslju01,SF,21,MIA,34,778,10.7,0.495,0.255,0.157,4.3,21.0,12.7,13.3,1.4,1.2,13.5,14.8,,0.1,1.0,1.1,0.068,,-2.9,1.4,-1.5,0.1
478,Jeff Withey\witheje01,C,27,DAL,10,39,8.5,0.444,0.625,0.125,2.8,26.7,14.4,0.0,0.0,7.0,10.6,22.2,,-0.1,0.1,0.0,-0.053,,-8.8,-3.6,-12.4,-0.1
479,Nate Wolters\woltena01,PG,26,UTA,5,19,-2.8,0.167,0.000,0.000,5.9,6.1,6.0,7.3,0.0,0.0,0.0,14.3,,-0.1,0.0,-0.1,-0.165,,-10.3,-2.8,-13.0,-0.1
480,Brandan Wright\wrighbr03,PF,30,MEM,25,337,20.0,0.592,0.000,0.315,10.6,20.2,15.3,5.0,1.8,6.6,6.3,15.1,,0.8,0.5,1.3,0.181,,-1.2,2.6,1.3,0.3
481,Delon Wright\wrighde01,PG,25,TOR,35,754,17.3,0.596,0.321,0.308,4.2,12.2,8.3,17.5,2.5,2.1,15.0,17.2,,1.4,1.1,2.5,0.162,,1.4,1.9,3.3,1.0
482,Guerschon Yabusele\yabusgu01,PF,22,BOS,18,85,12.3,0.556,0.667,0.074,13.1,18.8,16.0,9.0,0.0,1.0,15.2,17.3,,0.1,0.1,0.2,0.127,,-0.3,-1.2,-1.5,0.0
483,James Young\youngja01,SG,22,PHI,3,29,0.0,0.372,0.889,0.444,0.0,3.6,1.9,0.0,0.0,0.0,0.0,15.8,,0.0,0.0,0.0,-0.048,,-5.1,-5.7,-10.8,-0.1
484,Joe Young\youngjo01,PG,25,IND,32,306,11.6,0.550,0.320,0.233,2.3,9.9,6.1,9.4,1.0,0.3,11.7,18.8,,0.2,0.2,0.3,0.055,,-1.9,-2.9,-4.8,-0.2
485,Nick Young\youngni01,SG,32,GSW,47,683,11.6,0.593,0.685,0.110,1.6,7.2,4.7,3.6,1.5,0.6,7.6,18.4,,0.6,0.5,1.1,0.074,,0.8,-3.4,-2.7,-0.1
486,Thaddeus Young\youngth01,PF,29,IND,49,1596,14.6,0.536,0.242,0.076,7.0,13.5,10.3,8.7,2.4,1.1,10.1,17.0,,1.5,1.7,3.2,0.097,,0.4,1.0,1.4,1.4
487,Cody Zeller\zelleco01,C,25,CHO,19,378,16.0,0.568,0.011,0.611,12.9,16.9,14.9,6.3,1.2,4.7,14.8,16.2,,0.6,0.5,1.2,0.147,,-1.2,2.6,1.3,0.3
488,Tyler Zeller\zellety01,C,28,BRK,40,686,15.5,0.584,0.111,0.253,9.4,20.1,14.7,6.8,0.6,2.2,12.3,17.8,,1.0,0.7,1.6,0.115,,-1.7,0.1,-1.7,0.1
489,Paul Zipser\zipsepa01,SF,23,CHI,40,589,3.7,0.412,0.411,0.098,1.6,16.7,8.9,7.4,1.2,1.0,16.3,15.1,,-1.2,0.5,-0.7,-0.056,,-6.6,-0.3,-6.9,-0.7
490,Ante Zizic\zizican01,C,21,CLE,12,41,13.1,0.462,0.000,0.636,14.0,26.8,20.6,3.4,0.0,6.3,12.4,17.4,,0.0,0.0,0.1,0.061,,-6.5,-0.9,-7.3,-0.1
491,Ivica Zubac\zubaciv01,C,20,LAL,13,48,1.2,0.429,0.000,0.000,6.6,15.6,11.1,2.9,0.0,0.0,26.3,16.7,,-0.1,0.0,-0.1,-0.108,,-9.9,-2.9,-12.8,-0.1